,city,city_ibge_code,confirmed,confirmed_per_100k_inhabitants,date,death_rate,deaths,estimated_population_2019,is_last,order_for_place,place_type,state,City,State,Is_capital,Is_top_5,IDHM,IDHM_ranking,IDHM_longevity,Age_until_1,Age_1-4,Age_5-9,Age_10-14,Age_15-69,Age_60+,Population,Tourism_category,Rural_urban,Hotels,Companies,Cars,Motorcycles,Latitude,Longitude
4989,Araçatuba,3502804,40,20.30292,2020-04-23,0.025,1,197016.0,True,24,city,SP,Araçatuba,SP,0,0,0.79,76.0,0.841,2082.0,8029.0,10265.0,12635.0,119383.0,24962.0,177356.0,4,Urbano,1.0,7528.0,81636.0,60964.0,-21.205476,-50.43922607
4990,Araçatuba,3502804,39,19.79535,2020-04-22,0.0256,1,197016.0,False,23,city,SP,Araçatuba,SP,0,0,0.79,76.0,0.841,2082.0,8029.0,10265.0,12635.0,119383.0,24962.0,177356.0,4,Urbano,1.0,7528.0,81636.0,60964.0,-21.205476,-50.43922607
4991,Araçatuba,3502804,38,19.28777,2020-04-21,,0,197016.0,False,22,city,SP,Araçatuba,SP,0,0,0.79,76.0,0.841,2082.0,8029.0,10265.0,12635.0,119383.0,24962.0,177356.0,4,Urbano,1.0,7528.0,81636.0,60964.0,-21.205476,-50.43922607
4992,Araçatuba,3502804,39,19.79535,2020-04-20,,0,197016.0,False,21,city,SP,Araçatuba,SP,0,0,0.79,76.0,0.841,2082.0,8029.0,10265.0,12635.0,119383.0,24962.0,177356.0,4,Urbano,1.0,7528.0,81636.0,60964.0,-21.205476,-50.43922607
4993,Araçatuba,3502804,37,18.7802,2020-04-19,,0,197016.0,False,20,city,SP,Araçatuba,SP,0,0,0.79,76.0,0.841,2082.0,8029.0,10265.0,12635.0,119383.0,24962.0,177356.0,4,Urbano,1.0,7528.0,81636.0,60964.0,-21.205476,-50.43922607
4994,Araçatuba,3502804,37,18.7802,2020-04-18,,0,197016.0,False,19,city,SP,Araçatuba,SP,0,0,0.79,76.0,0.841,2082.0,8029.0,10265.0,12635.0,119383.0,24962.0,177356.0,4,Urbano,1.0,7528.0,81636.0,60964.0,-21.205476,-50.43922607
4995,Araçatuba,3502804,37,18.7802,2020-04-17,,0,197016.0,False,18,city,SP,Araçatuba,SP,0,0,0.79,76.0,0.841,2082.0,8029.0,10265.0,12635.0,119383.0,24962.0,177356.0,4,Urbano,1.0,7528.0,81636.0,60964.0,-21.205476,-50.43922607
4996,Araçatuba,3502804,33,16.74991,2020-04-16,,0,197016.0,False,17,city,SP,Araçatuba,SP,0,0,0.79,76.0,0.841,2082.0,8029.0,10265.0,12635.0,119383.0,24962.0,177356.0,4,Urbano,1.0,7528.0,81636.0,60964.0,-21.205476,-50.43922607
4997,Araçatuba,3502804,28,14.21204,2020-04-15,,0,197016.0,False,16,city,SP,Araçatuba,SP,0,0,0.79,76.0,0.841,2082.0,8029.0,10265.0,12635.0,119383.0,24962.0,177356.0,4,Urbano,1.0,7528.0,81636.0,60964.0,-21.205476,-50.43922607
4998,Araçatuba,3502804,15,7.61359,2020-04-14,,0,197016.0,False,15,city,SP,Araçatuba,SP,0,0,0.79,76.0,0.841,2082.0,8029.0,10265.0,12635.0,119383.0,24962.0,177356.0,4,Urbano,1.0,7528.0,81636.0,60964.0,-21.205476,-50.43922607
4999,Araçatuba,3502804,14,7.10602,2020-04-13,,0,197016.0,False,14,city,SP,Araçatuba,SP,0,0,0.79,76.0,0.841,2082.0,8029.0,10265.0,12635.0,119383.0,24962.0,177356.0,4,Urbano,1.0,7528.0,81636.0,60964.0,-21.205476,-50.43922607
5000,Araçatuba,3502804,14,7.10602,2020-04-12,,0,197016.0,False,13,city,SP,Araçatuba,SP,0,0,0.79,76.0,0.841,2082.0,8029.0,10265.0,12635.0,119383.0,24962.0,177356.0,4,Urbano,1.0,7528.0,81636.0,60964.0,-21.205476,-50.43922607
5001,Araçatuba,3502804,14,7.10602,2020-04-11,,0,197016.0,False,12,city,SP,Araçatuba,SP,0,0,0.79,76.0,0.841,2082.0,8029.0,10265.0,12635.0,119383.0,24962.0,177356.0,4,Urbano,1.0,7528.0,81636.0,60964.0,-21.205476,-50.43922607
5002,Araçatuba,3502804,15,7.61359,2020-04-10,,0,197016.0,False,11,city,SP,Araçatuba,SP,0,0,0.79,76.0,0.841,2082.0,8029.0,10265.0,12635.0,119383.0,24962.0,177356.0,4,Urbano,1.0,7528.0,81636.0,60964.0,-21.205476,-50.43922607
5003,Araçatuba,3502804,13,6.59845,2020-04-09,,0,197016.0,False,10,city,SP,Araçatuba,SP,0,0,0.79,76.0,0.841,2082.0,8029.0,10265.0,12635.0,119383.0,24962.0,177356.0,4,Urbano,1.0,7528.0,81636.0,60964.0,-21.205476,-50.43922607
5004,Araçatuba,3502804,12,6.09088,2020-04-08,,0,197016.0,False,9,city,SP,Araçatuba,SP,0,0,0.79,76.0,0.841,2082.0,8029.0,10265.0,12635.0,119383.0,24962.0,177356.0,4,Urbano,1.0,7528.0,81636.0,60964.0,-21.205476,-50.43922607
5005,Araçatuba,3502804,8,4.06058,2020-04-07,,0,197016.0,False,8,city,SP,Araçatuba,SP,0,0,0.79,76.0,0.841,2082.0,8029.0,10265.0,12635.0,119383.0,24962.0,177356.0,4,Urbano,1.0,7528.0,81636.0,60964.0,-21.205476,-50.43922607
5006,Araçatuba,3502804,8,4.06058,2020-04-06,,0,197016.0,False,7,city,SP,Araçatuba,SP,0,0,0.79,76.0,0.841,2082.0,8029.0,10265.0,12635.0,119383.0,24962.0,177356.0,4,Urbano,1.0,7528.0,81636.0,60964.0,-21.205476,-50.43922607
5007,Araçatuba,3502804,4,2.03029,2020-04-05,,0,197016.0,False,6,city,SP,Araçatuba,SP,0,0,0.79,76.0,0.841,2082.0,8029.0,10265.0,12635.0,119383.0,24962.0,177356.0,4,Urbano,1.0,7528.0,81636.0,60964.0,-21.205476,-50.43922607
5008,Araçatuba,3502804,4,2.03029,2020-04-04,,0,197016.0,False,5,city,SP,Araçatuba,SP,0,0,0.79,76.0,0.841,2082.0,8029.0,10265.0,12635.0,119383.0,24962.0,177356.0,4,Urbano,1.0,7528.0,81636.0,60964.0,-21.205476,-50.43922607
5009,Araçatuba,3502804,2,1.01515,2020-04-03,,0,197016.0,False,4,city,SP,Araçatuba,SP,0,0,0.79,76.0,0.841,2082.0,8029.0,10265.0,12635.0,119383.0,24962.0,177356.0,4,Urbano,1.0,7528.0,81636.0,60964.0,-21.205476,-50.43922607
5010,Araçatuba,3502804,2,1.01515,2020-04-02,,0,197016.0,False,3,city,SP,Araçatuba,SP,0,0,0.79,76.0,0.841,2082.0,8029.0,10265.0,12635.0,119383.0,24962.0,177356.0,4,Urbano,1.0,7528.0,81636.0,60964.0,-21.205476,-50.43922607
5011,Araçatuba,3502804,2,1.01515,2020-04-01,,0,197016.0,False,2,city,SP,Araçatuba,SP,0,0,0.79,76.0,0.841,2082.0,8029.0,10265.0,12635.0,119383.0,24962.0,177356.0,4,Urbano,1.0,7528.0,81636.0,60964.0,-21.205476,-50.43922607
5012,Araçatuba,3502804,1,0.50757,2020-03-31,,0,197016.0,False,1,city,SP,Araçatuba,SP,0,0,0.79,76.0,0.841,2082.0,8029.0,10265.0,12635.0,119383.0,24962.0,177356.0,4,Urbano,1.0,7528.0,81636.0,60964.0,-21.205476,-50.43922607
5179,Campinas,3509502,211,17.52385,2020-04-23,0.0427,9,1204073.0,True,31,city,SP,Campinas,SP,0,1,0.805,30.0,0.86,11872.0,46027.0,59671.0,71266.0,687828.0,128175.0,1004839.0,5,Urbano,8.0,45789.0,608817.0,131184.0,-22.9073425,-47.06015627
5180,Campinas,3509502,202,16.77639,2020-04-22,0.0446,9,1204073.0,False,30,city,SP,Campinas,SP,0,1,0.805,30.0,0.86,11872.0,46027.0,59671.0,71266.0,687828.0,128175.0,1004839.0,5,Urbano,8.0,45789.0,608817.0,131184.0,-22.9073425,-47.06015627
5181,Campinas,3509502,199,16.52724,2020-04-21,0.0352,7,1204073.0,False,29,city,SP,Campinas,SP,0,1,0.805,30.0,0.86,11872.0,46027.0,59671.0,71266.0,687828.0,128175.0,1004839.0,5,Urbano,8.0,45789.0,608817.0,131184.0,-22.9073425,-47.06015627
5182,Campinas,3509502,192,15.94588,2020-04-20,0.0365,7,1204073.0,False,28,city,SP,Campinas,SP,0,1,0.805,30.0,0.86,11872.0,46027.0,59671.0,71266.0,687828.0,128175.0,1004839.0,5,Urbano,8.0,45789.0,608817.0,131184.0,-22.9073425,-47.06015627
5183,Campinas,3509502,184,15.28147,2020-04-19,0.038,7,1204073.0,False,27,city,SP,Campinas,SP,0,1,0.805,30.0,0.86,11872.0,46027.0,59671.0,71266.0,687828.0,128175.0,1004839.0,5,Urbano,8.0,45789.0,608817.0,131184.0,-22.9073425,-47.06015627
5184,Campinas,3509502,184,15.28147,2020-04-18,0.038,7,1204073.0,False,26,city,SP,Campinas,SP,0,1,0.805,30.0,0.86,11872.0,46027.0,59671.0,71266.0,687828.0,128175.0,1004839.0,5,Urbano,8.0,45789.0,608817.0,131184.0,-22.9073425,-47.06015627
5185,Campinas,3509502,164,13.62044,2020-04-17,0.0427,7,1204073.0,False,25,city,SP,Campinas,SP,0,1,0.805,30.0,0.86,11872.0,46027.0,59671.0,71266.0,687828.0,128175.0,1004839.0,5,Urbano,8.0,45789.0,608817.0,131184.0,-22.9073425,-47.06015627
5186,Campinas,3509502,149,12.37466,2020-04-16,0.047,7,1204073.0,False,24,city,SP,Campinas,SP,0,1,0.805,30.0,0.86,11872.0,46027.0,59671.0,71266.0,687828.0,128175.0,1004839.0,5,Urbano,8.0,45789.0,608817.0,131184.0,-22.9073425,-47.06015627
5187,Campinas,3509502,142,11.7933,2020-04-15,0.0352,5,1204073.0,False,23,city,SP,Campinas,SP,0,1,0.805,30.0,0.86,11872.0,46027.0,59671.0,71266.0,687828.0,128175.0,1004839.0,5,Urbano,8.0,45789.0,608817.0,131184.0,-22.9073425,-47.06015627
5188,Campinas,3509502,112,9.30176,2020-04-14,0.0446,5,1204073.0,False,22,city,SP,Campinas,SP,0,1,0.805,30.0,0.86,11872.0,46027.0,59671.0,71266.0,687828.0,128175.0,1004839.0,5,Urbano,8.0,45789.0,608817.0,131184.0,-22.9073425,-47.06015627
5189,Campinas,3509502,107,8.8865,2020-04-13,0.0467,5,1204073.0,False,21,city,SP,Campinas,SP,0,1,0.805,30.0,0.86,11872.0,46027.0,59671.0,71266.0,687828.0,128175.0,1004839.0,5,Urbano,8.0,45789.0,608817.0,131184.0,-22.9073425,-47.06015627
5190,Campinas,3509502,106,8.80345,2020-04-12,0.0472,5,1204073.0,False,20,city,SP,Campinas,SP,0,1,0.805,30.0,0.86,11872.0,46027.0,59671.0,71266.0,687828.0,128175.0,1004839.0,5,Urbano,8.0,45789.0,608817.0,131184.0,-22.9073425,-47.06015627
5191,Campinas,3509502,100,8.30514,2020-04-11,0.05,5,1204073.0,False,19,city,SP,Campinas,SP,0,1,0.805,30.0,0.86,11872.0,46027.0,59671.0,71266.0,687828.0,128175.0,1004839.0,5,Urbano,8.0,45789.0,608817.0,131184.0,-22.9073425,-47.06015627
5192,Campinas,3509502,100,8.30514,2020-04-10,0.05,5,1204073.0,False,18,city,SP,Campinas,SP,0,1,0.805,30.0,0.86,11872.0,46027.0,59671.0,71266.0,687828.0,128175.0,1004839.0,5,Urbano,8.0,45789.0,608817.0,131184.0,-22.9073425,-47.06015627
5193,Campinas,3509502,83,6.89327,2020-04-09,0.0602,5,1204073.0,False,17,city,SP,Campinas,SP,0,1,0.805,30.0,0.86,11872.0,46027.0,59671.0,71266.0,687828.0,128175.0,1004839.0,5,Urbano,8.0,45789.0,608817.0,131184.0,-22.9073425,-47.06015627
5194,Campinas,3509502,72,5.9797,2020-04-08,0.0694,5,1204073.0,False,16,city,SP,Campinas,SP,0,1,0.805,30.0,0.86,11872.0,46027.0,59671.0,71266.0,687828.0,128175.0,1004839.0,5,Urbano,8.0,45789.0,608817.0,131184.0,-22.9073425,-47.06015627
5195,Campinas,3509502,50,4.15257,2020-04-07,0.08,4,1204073.0,False,15,city,SP,Campinas,SP,0,1,0.805,30.0,0.86,11872.0,46027.0,59671.0,71266.0,687828.0,128175.0,1004839.0,5,Urbano,8.0,45789.0,608817.0,131184.0,-22.9073425,-47.06015627
5196,Campinas,3509502,28,2.32544,2020-04-06,0.1429,4,1204073.0,False,14,city,SP,Campinas,SP,0,1,0.805,30.0,0.86,11872.0,46027.0,59671.0,71266.0,687828.0,128175.0,1004839.0,5,Urbano,8.0,45789.0,608817.0,131184.0,-22.9073425,-47.06015627
5197,Campinas,3509502,26,2.15934,2020-04-05,0.1538,4,1204073.0,False,13,city,SP,Campinas,SP,0,1,0.805,30.0,0.86,11872.0,46027.0,59671.0,71266.0,687828.0,128175.0,1004839.0,5,Urbano,8.0,45789.0,608817.0,131184.0,-22.9073425,-47.06015627
5198,Campinas,3509502,26,2.15934,2020-04-04,0.1538,4,1204073.0,False,12,city,SP,Campinas,SP,0,1,0.805,30.0,0.86,11872.0,46027.0,59671.0,71266.0,687828.0,128175.0,1004839.0,5,Urbano,8.0,45789.0,608817.0,131184.0,-22.9073425,-47.06015627
5199,Campinas,3509502,24,1.99323,2020-04-03,0.0417,1,1204073.0,False,11,city,SP,Campinas,SP,0,1,0.805,30.0,0.86,11872.0,46027.0,59671.0,71266.0,687828.0,128175.0,1004839.0,5,Urbano,8.0,45789.0,608817.0,131184.0,-22.9073425,-47.06015627
5200,Campinas,3509502,23,1.91018,2020-04-02,0.0435,1,1204073.0,False,10,city,SP,Campinas,SP,0,1,0.805,30.0,0.86,11872.0,46027.0,59671.0,71266.0,687828.0,128175.0,1004839.0,5,Urbano,8.0,45789.0,608817.0,131184.0,-22.9073425,-47.06015627
5201,Campinas,3509502,22,1.82713,2020-04-01,0.0455,1,1204073.0,False,9,city,SP,Campinas,SP,0,1,0.805,30.0,0.86,11872.0,46027.0,59671.0,71266.0,687828.0,128175.0,1004839.0,5,Urbano,8.0,45789.0,608817.0,131184.0,-22.9073425,-47.06015627
5202,Campinas,3509502,15,1.24577,2020-03-31,0.0667,1,1204073.0,False,8,city,SP,Campinas,SP,0,1,0.805,30.0,0.86,11872.0,46027.0,59671.0,71266.0,687828.0,128175.0,1004839.0,5,Urbano,8.0,45789.0,608817.0,131184.0,-22.9073425,-47.06015627
5203,Campinas,3509502,11,0.91357,2020-03-30,,0,1204073.0,False,7,city,SP,Campinas,SP,0,1,0.805,30.0,0.86,11872.0,46027.0,59671.0,71266.0,687828.0,128175.0,1004839.0,5,Urbano,8.0,45789.0,608817.0,131184.0,-22.9073425,-47.06015627
5204,Campinas,3509502,5,0.41526,2020-03-27,,0,1204073.0,False,6,city,SP,Campinas,SP,0,1,0.805,30.0,0.86,11872.0,46027.0,59671.0,71266.0,687828.0,128175.0,1004839.0,5,Urbano,8.0,45789.0,608817.0,131184.0,-22.9073425,-47.06015627
5205,Campinas,3509502,4,0.33221,2020-03-26,,0,1204073.0,False,5,city,SP,Campinas,SP,0,1,0.805,30.0,0.86,11872.0,46027.0,59671.0,71266.0,687828.0,128175.0,1004839.0,5,Urbano,8.0,45789.0,608817.0,131184.0,-22.9073425,-47.06015627
5206,Campinas,3509502,4,0.33221,2020-03-25,,0,1204073.0,False,4,city,SP,Campinas,SP,0,1,0.805,30.0,0.86,11872.0,46027.0,59671.0,71266.0,687828.0,128175.0,1004839.0,5,Urbano,8.0,45789.0,608817.0,131184.0,-22.9073425,-47.06015627
5207,Campinas,3509502,1,0.08305,2020-03-20,,0,1204073.0,False,3,city,SP,Campinas,SP,0,1,0.805,30.0,0.86,11872.0,46027.0,59671.0,71266.0,687828.0,128175.0,1004839.0,5,Urbano,8.0,45789.0,608817.0,131184.0,-22.9073425,-47.06015627
5208,Campinas,3509502,1,0.08305,2020-03-19,,0,1204073.0,False,2,city,SP,Campinas,SP,0,1,0.805,30.0,0.86,11872.0,46027.0,59671.0,71266.0,687828.0,128175.0,1004839.0,5,Urbano,8.0,45789.0,608817.0,131184.0,-22.9073425,-47.06015627
5209,Campinas,3509502,1,0.08305,2020-03-18,,0,1204073.0,False,1,city,SP,Campinas,SP,0,1,0.805,30.0,0.86,11872.0,46027.0,59671.0,71266.0,687828.0,128175.0,1004839.0,5,Urbano,8.0,45789.0,608817.0,131184.0,-22.9073425,-47.06015627
5487,Guarulhos,3518800,356,25.8124,2020-04-23,0.118,42,1379182.0,True,32,city,SP,Guarulhos,SP,0,1,0.763,334.0,0.831,14365.0,58730.0,78414.0,90184.0,701841.0,92644.0,1036178.0,4,Urbano,5.0,28349.0,455976.0,97694.0,-23.468506,-46.53108409
5488,Guarulhos,3518800,331,23.99973,2020-04-22,0.0846,28,1379182.0,False,31,city,SP,Guarulhos,SP,0,1,0.763,334.0,0.831,14365.0,58730.0,78414.0,90184.0,701841.0,92644.0,1036178.0,4,Urbano,5.0,28349.0,455976.0,97694.0,-23.468506,-46.53108409
5489,Guarulhos,3518800,330,23.92723,2020-04-21,0.0848,28,1379182.0,False,30,city,SP,Guarulhos,SP,0,1,0.763,334.0,0.831,14365.0,58730.0,78414.0,90184.0,701841.0,92644.0,1036178.0,4,Urbano,5.0,28349.0,455976.0,97694.0,-23.468506,-46.53108409
5490,Guarulhos,3518800,316,22.91213,2020-04-20,0.0886,28,1379182.0,False,29,city,SP,Guarulhos,SP,0,1,0.763,334.0,0.831,14365.0,58730.0,78414.0,90184.0,701841.0,92644.0,1036178.0,4,Urbano,5.0,28349.0,455976.0,97694.0,-23.468506,-46.53108409
5491,Guarulhos,3518800,308,22.33208,2020-04-19,0.0909,28,1379182.0,False,28,city,SP,Guarulhos,SP,0,1,0.763,334.0,0.831,14365.0,58730.0,78414.0,90184.0,701841.0,92644.0,1036178.0,4,Urbano,5.0,28349.0,455976.0,97694.0,-23.468506,-46.53108409
5492,Guarulhos,3518800,305,22.11456,2020-04-18,0.0918,28,1379182.0,False,27,city,SP,Guarulhos,SP,0,1,0.763,334.0,0.831,14365.0,58730.0,78414.0,90184.0,701841.0,92644.0,1036178.0,4,Urbano,5.0,28349.0,455976.0,97694.0,-23.468506,-46.53108409
5493,Guarulhos,3518800,295,21.38949,2020-04-17,0.0949,28,1379182.0,False,26,city,SP,Guarulhos,SP,0,1,0.763,334.0,0.831,14365.0,58730.0,78414.0,90184.0,701841.0,92644.0,1036178.0,4,Urbano,5.0,28349.0,455976.0,97694.0,-23.468506,-46.53108409
5494,Guarulhos,3518800,269,19.50431,2020-04-16,0.0929,25,1379182.0,False,25,city,SP,Guarulhos,SP,0,1,0.763,334.0,0.831,14365.0,58730.0,78414.0,90184.0,701841.0,92644.0,1036178.0,4,Urbano,5.0,28349.0,455976.0,97694.0,-23.468506,-46.53108409
5495,Guarulhos,3518800,253,18.34421,2020-04-15,0.087,22,1379182.0,False,24,city,SP,Guarulhos,SP,0,1,0.763,334.0,0.831,14365.0,58730.0,78414.0,90184.0,701841.0,92644.0,1036178.0,4,Urbano,5.0,28349.0,455976.0,97694.0,-23.468506,-46.53108409
5496,Guarulhos,3518800,214,15.51644,2020-04-14,0.0888,19,1379182.0,False,23,city,SP,Guarulhos,SP,0,1,0.763,334.0,0.831,14365.0,58730.0,78414.0,90184.0,701841.0,92644.0,1036178.0,4,Urbano,5.0,28349.0,455976.0,97694.0,-23.468506,-46.53108409
5497,Guarulhos,3518800,200,14.50135,2020-04-13,0.085,17,1379182.0,False,22,city,SP,Guarulhos,SP,0,1,0.763,334.0,0.831,14365.0,58730.0,78414.0,90184.0,701841.0,92644.0,1036178.0,4,Urbano,5.0,28349.0,455976.0,97694.0,-23.468506,-46.53108409
5498,Guarulhos,3518800,198,14.35634,2020-04-12,0.0808,16,1379182.0,False,21,city,SP,Guarulhos,SP,0,1,0.763,334.0,0.831,14365.0,58730.0,78414.0,90184.0,701841.0,92644.0,1036178.0,4,Urbano,5.0,28349.0,455976.0,97694.0,-23.468506,-46.53108409
5499,Guarulhos,3518800,191,13.84879,2020-04-11,0.0838,16,1379182.0,False,20,city,SP,Guarulhos,SP,0,1,0.763,334.0,0.831,14365.0,58730.0,78414.0,90184.0,701841.0,92644.0,1036178.0,4,Urbano,5.0,28349.0,455976.0,97694.0,-23.468506,-46.53108409
5500,Guarulhos,3518800,178,12.9062,2020-04-10,0.0899,16,1379182.0,False,19,city,SP,Guarulhos,SP,0,1,0.763,334.0,0.831,14365.0,58730.0,78414.0,90184.0,701841.0,92644.0,1036178.0,4,Urbano,5.0,28349.0,455976.0,97694.0,-23.468506,-46.53108409
5501,Guarulhos,3518800,154,11.16604,2020-04-09,0.0714,11,1379182.0,False,18,city,SP,Guarulhos,SP,0,1,0.763,334.0,0.831,14365.0,58730.0,78414.0,90184.0,701841.0,92644.0,1036178.0,4,Urbano,5.0,28349.0,455976.0,97694.0,-23.468506,-46.53108409
5502,Guarulhos,3518800,119,8.6283,2020-04-08,0.0588,7,1379182.0,False,17,city,SP,Guarulhos,SP,0,1,0.763,334.0,0.831,14365.0,58730.0,78414.0,90184.0,701841.0,92644.0,1036178.0,4,Urbano,5.0,28349.0,455976.0,97694.0,-23.468506,-46.53108409
5503,Guarulhos,3518800,74,5.3655,2020-04-07,0.0946,7,1379182.0,False,16,city,SP,Guarulhos,SP,0,1,0.763,334.0,0.831,14365.0,58730.0,78414.0,90184.0,701841.0,92644.0,1036178.0,4,Urbano,5.0,28349.0,455976.0,97694.0,-23.468506,-46.53108409
5504,Guarulhos,3518800,63,4.56793,2020-04-06,0.0952,6,1379182.0,False,15,city,SP,Guarulhos,SP,0,1,0.763,334.0,0.831,14365.0,58730.0,78414.0,90184.0,701841.0,92644.0,1036178.0,4,Urbano,5.0,28349.0,455976.0,97694.0,-23.468506,-46.53108409
5505,Guarulhos,3518800,62,4.49542,2020-04-05,0.0806,5,1379182.0,False,14,city,SP,Guarulhos,SP,0,1,0.763,334.0,0.831,14365.0,58730.0,78414.0,90184.0,701841.0,92644.0,1036178.0,4,Urbano,5.0,28349.0,455976.0,97694.0,-23.468506,-46.53108409
5506,Guarulhos,3518800,62,4.49542,2020-04-04,0.0806,5,1379182.0,False,13,city,SP,Guarulhos,SP,0,1,0.763,334.0,0.831,14365.0,58730.0,78414.0,90184.0,701841.0,92644.0,1036178.0,4,Urbano,5.0,28349.0,455976.0,97694.0,-23.468506,-46.53108409
5507,Guarulhos,3518800,52,3.77035,2020-04-03,0.0385,2,1379182.0,False,12,city,SP,Guarulhos,SP,0,1,0.763,334.0,0.831,14365.0,58730.0,78414.0,90184.0,701841.0,92644.0,1036178.0,4,Urbano,5.0,28349.0,455976.0,97694.0,-23.468506,-46.53108409
5508,Guarulhos,3518800,35,2.53774,2020-04-02,0.0571,2,1379182.0,False,11,city,SP,Guarulhos,SP,0,1,0.763,334.0,0.831,14365.0,58730.0,78414.0,90184.0,701841.0,92644.0,1036178.0,4,Urbano,5.0,28349.0,455976.0,97694.0,-23.468506,-46.53108409
5509,Guarulhos,3518800,25,1.81267,2020-04-01,0.08,2,1379182.0,False,10,city,SP,Guarulhos,SP,0,1,0.763,334.0,0.831,14365.0,58730.0,78414.0,90184.0,701841.0,92644.0,1036178.0,4,Urbano,5.0,28349.0,455976.0,97694.0,-23.468506,-46.53108409
5510,Guarulhos,3518800,21,1.52264,2020-03-31,0.0952,2,1379182.0,False,9,city,SP,Guarulhos,SP,0,1,0.763,334.0,0.831,14365.0,58730.0,78414.0,90184.0,701841.0,92644.0,1036178.0,4,Urbano,5.0,28349.0,455976.0,97694.0,-23.468506,-46.53108409
5511,Guarulhos,3518800,14,1.01509,2020-03-30,0.1429,2,1379182.0,False,8,city,SP,Guarulhos,SP,0,1,0.763,334.0,0.831,14365.0,58730.0,78414.0,90184.0,701841.0,92644.0,1036178.0,4,Urbano,5.0,28349.0,455976.0,97694.0,-23.468506,-46.53108409
5512,Guarulhos,3518800,13,0.94259,2020-03-27,0.1538,2,1379182.0,False,7,city,SP,Guarulhos,SP,0,1,0.763,334.0,0.831,14365.0,58730.0,78414.0,90184.0,701841.0,92644.0,1036178.0,4,Urbano,5.0,28349.0,455976.0,97694.0,-23.468506,-46.53108409
5513,Guarulhos,3518800,9,0.65256,2020-03-26,0.1111,1,1379182.0,False,6,city,SP,Guarulhos,SP,0,1,0.763,334.0,0.831,14365.0,58730.0,78414.0,90184.0,701841.0,92644.0,1036178.0,4,Urbano,5.0,28349.0,455976.0,97694.0,-23.468506,-46.53108409
5514,Guarulhos,3518800,5,0.36253,2020-03-25,0.2,1,1379182.0,False,5,city,SP,Guarulhos,SP,0,1,0.763,334.0,0.831,14365.0,58730.0,78414.0,90184.0,701841.0,92644.0,1036178.0,4,Urbano,5.0,28349.0,455976.0,97694.0,-23.468506,-46.53108409
5515,Guarulhos,3518800,1,0.07251,2020-03-20,,0,1379182.0,False,4,city,SP,Guarulhos,SP,0,1,0.763,334.0,0.831,14365.0,58730.0,78414.0,90184.0,701841.0,92644.0,1036178.0,4,Urbano,5.0,28349.0,455976.0,97694.0,-23.468506,-46.53108409
5516,Guarulhos,3518800,1,0.07251,2020-03-19,,0,1379182.0,False,3,city,SP,Guarulhos,SP,0,1,0.763,334.0,0.831,14365.0,58730.0,78414.0,90184.0,701841.0,92644.0,1036178.0,4,Urbano,5.0,28349.0,455976.0,97694.0,-23.468506,-46.53108409
5517,Guarulhos,3518800,1,0.07251,2020-03-18,,0,1379182.0,False,2,city,SP,Guarulhos,SP,0,1,0.763,334.0,0.831,14365.0,58730.0,78414.0,90184.0,701841.0,92644.0,1036178.0,4,Urbano,5.0,28349.0,455976.0,97694.0,-23.468506,-46.53108409
5518,Guarulhos,3518800,1,0.07251,2020-03-17,,0,1379182.0,False,1,city,SP,Guarulhos,SP,0,1,0.763,334.0,0.831,14365.0,58730.0,78414.0,90184.0,701841.0,92644.0,1036178.0,4,Urbano,5.0,28349.0,455976.0,97694.0,-23.468506,-46.53108409
5906,Osasco,3534401,373,53.40641,2020-04-23,0.1019,38,698418.0,True,30,city,SP,Osasco,SP,0,1,0.78,174.0,0.84,8089.0,32305.0,42733.0,49379.0,420590.0,62972.0,616068.0,4,Urbano,2.0,15315.0,283641.0,73477.0,-23.533612,-46.78881014
5907,Osasco,3534401,353,50.5428,2020-04-22,0.0907,32,698418.0,False,29,city,SP,Osasco,SP,0,1,0.78,174.0,0.84,8089.0,32305.0,42733.0,49379.0,420590.0,62972.0,616068.0,4,Urbano,2.0,15315.0,283641.0,73477.0,-23.533612,-46.78881014
5908,Osasco,3534401,321,45.96101,2020-04-21,0.0841,27,698418.0,False,28,city,SP,Osasco,SP,0,1,0.78,174.0,0.84,8089.0,32305.0,42733.0,49379.0,420590.0,62972.0,616068.0,4,Urbano,2.0,15315.0,283641.0,73477.0,-23.533612,-46.78881014
5909,Osasco,3534401,301,43.0974,2020-04-20,0.0897,27,698418.0,False,27,city,SP,Osasco,SP,0,1,0.78,174.0,0.84,8089.0,32305.0,42733.0,49379.0,420590.0,62972.0,616068.0,4,Urbano,2.0,15315.0,283641.0,73477.0,-23.533612,-46.78881014
5910,Osasco,3534401,269,38.51562,2020-04-19,0.1004,27,698418.0,False,26,city,SP,Osasco,SP,0,1,0.78,174.0,0.84,8089.0,32305.0,42733.0,49379.0,420590.0,62972.0,616068.0,4,Urbano,2.0,15315.0,283641.0,73477.0,-23.533612,-46.78881014
5911,Osasco,3534401,253,36.22473,2020-04-18,0.0909,23,698418.0,False,25,city,SP,Osasco,SP,0,1,0.78,174.0,0.84,8089.0,32305.0,42733.0,49379.0,420590.0,62972.0,616068.0,4,Urbano,2.0,15315.0,283641.0,73477.0,-23.533612,-46.78881014
5912,Osasco,3534401,224,32.07248,2020-04-17,0.0893,20,698418.0,False,24,city,SP,Osasco,SP,0,1,0.78,174.0,0.84,8089.0,32305.0,42733.0,49379.0,420590.0,62972.0,616068.0,4,Urbano,2.0,15315.0,283641.0,73477.0,-23.533612,-46.78881014
5913,Osasco,3534401,203,29.06569,2020-04-16,0.0887,18,698418.0,False,23,city,SP,Osasco,SP,0,1,0.78,174.0,0.84,8089.0,32305.0,42733.0,49379.0,420590.0,62972.0,616068.0,4,Urbano,2.0,15315.0,283641.0,73477.0,-23.533612,-46.78881014
5914,Osasco,3534401,172,24.62709,2020-04-15,0.093,16,698418.0,False,22,city,SP,Osasco,SP,0,1,0.78,174.0,0.84,8089.0,32305.0,42733.0,49379.0,420590.0,62972.0,616068.0,4,Urbano,2.0,15315.0,283641.0,73477.0,-23.533612,-46.78881014
5915,Osasco,3534401,144,20.61803,2020-04-14,0.0903,13,698418.0,False,21,city,SP,Osasco,SP,0,1,0.78,174.0,0.84,8089.0,32305.0,42733.0,49379.0,420590.0,62972.0,616068.0,4,Urbano,2.0,15315.0,283641.0,73477.0,-23.533612,-46.78881014
5916,Osasco,3534401,139,19.90212,2020-04-13,0.0791,11,698418.0,False,20,city,SP,Osasco,SP,0,1,0.78,174.0,0.84,8089.0,32305.0,42733.0,49379.0,420590.0,62972.0,616068.0,4,Urbano,2.0,15315.0,283641.0,73477.0,-23.533612,-46.78881014
5917,Osasco,3534401,129,18.47031,2020-04-12,0.0698,9,698418.0,False,19,city,SP,Osasco,SP,0,1,0.78,174.0,0.84,8089.0,32305.0,42733.0,49379.0,420590.0,62972.0,616068.0,4,Urbano,2.0,15315.0,283641.0,73477.0,-23.533612,-46.78881014
5918,Osasco,3534401,127,18.18395,2020-04-11,0.063,8,698418.0,False,18,city,SP,Osasco,SP,0,1,0.78,174.0,0.84,8089.0,32305.0,42733.0,49379.0,420590.0,62972.0,616068.0,4,Urbano,2.0,15315.0,283641.0,73477.0,-23.533612,-46.78881014
5919,Osasco,3534401,121,17.32487,2020-04-10,0.0661,8,698418.0,False,17,city,SP,Osasco,SP,0,1,0.78,174.0,0.84,8089.0,32305.0,42733.0,49379.0,420590.0,62972.0,616068.0,4,Urbano,2.0,15315.0,283641.0,73477.0,-23.533612,-46.78881014
5920,Osasco,3534401,107,15.32034,2020-04-09,0.0654,7,698418.0,False,16,city,SP,Osasco,SP,0,1,0.78,174.0,0.84,8089.0,32305.0,42733.0,49379.0,420590.0,62972.0,616068.0,4,Urbano,2.0,15315.0,283641.0,73477.0,-23.533612,-46.78881014
5921,Osasco,3534401,99,14.17489,2020-04-08,0.0606,6,698418.0,False,15,city,SP,Osasco,SP,0,1,0.78,174.0,0.84,8089.0,32305.0,42733.0,49379.0,420590.0,62972.0,616068.0,4,Urbano,2.0,15315.0,283641.0,73477.0,-23.533612,-46.78881014
5922,Osasco,3534401,84,12.02718,2020-04-07,0.0476,4,698418.0,False,14,city,SP,Osasco,SP,0,1,0.78,174.0,0.84,8089.0,32305.0,42733.0,49379.0,420590.0,62972.0,616068.0,4,Urbano,2.0,15315.0,283641.0,73477.0,-23.533612,-46.78881014
5923,Osasco,3534401,71,10.16583,2020-04-06,0.0423,3,698418.0,False,13,city,SP,Osasco,SP,0,1,0.78,174.0,0.84,8089.0,32305.0,42733.0,49379.0,420590.0,62972.0,616068.0,4,Urbano,2.0,15315.0,283641.0,73477.0,-23.533612,-46.78881014
5924,Osasco,3534401,69,9.87947,2020-04-05,0.0435,3,698418.0,False,12,city,SP,Osasco,SP,0,1,0.78,174.0,0.84,8089.0,32305.0,42733.0,49379.0,420590.0,62972.0,616068.0,4,Urbano,2.0,15315.0,283641.0,73477.0,-23.533612,-46.78881014
5925,Osasco,3534401,62,8.87721,2020-04-04,0.0323,2,698418.0,False,11,city,SP,Osasco,SP,0,1,0.78,174.0,0.84,8089.0,32305.0,42733.0,49379.0,420590.0,62972.0,616068.0,4,Urbano,2.0,15315.0,283641.0,73477.0,-23.533612,-46.78881014
5926,Osasco,3534401,57,8.1613,2020-04-03,0.0526,3,698418.0,False,10,city,SP,Osasco,SP,0,1,0.78,174.0,0.84,8089.0,32305.0,42733.0,49379.0,420590.0,62972.0,616068.0,4,Urbano,2.0,15315.0,283641.0,73477.0,-23.533612,-46.78881014
5927,Osasco,3534401,51,7.30222,2020-04-02,0.0588,3,698418.0,False,9,city,SP,Osasco,SP,0,1,0.78,174.0,0.84,8089.0,32305.0,42733.0,49379.0,420590.0,62972.0,616068.0,4,Urbano,2.0,15315.0,283641.0,73477.0,-23.533612,-46.78881014
5928,Osasco,3534401,43,6.15677,2020-04-01,0.0465,2,698418.0,False,8,city,SP,Osasco,SP,0,1,0.78,174.0,0.84,8089.0,32305.0,42733.0,49379.0,420590.0,62972.0,616068.0,4,Urbano,2.0,15315.0,283641.0,73477.0,-23.533612,-46.78881014
5929,Osasco,3534401,33,4.72496,2020-03-31,0.0606,2,698418.0,False,7,city,SP,Osasco,SP,0,1,0.78,174.0,0.84,8089.0,32305.0,42733.0,49379.0,420590.0,62972.0,616068.0,4,Urbano,2.0,15315.0,283641.0,73477.0,-23.533612,-46.78881014
5930,Osasco,3534401,15,2.14771,2020-03-30,0.0667,1,698418.0,False,6,city,SP,Osasco,SP,0,1,0.78,174.0,0.84,8089.0,32305.0,42733.0,49379.0,420590.0,62972.0,616068.0,4,Urbano,2.0,15315.0,283641.0,73477.0,-23.533612,-46.78881014
5931,Osasco,3534401,4,0.57272,2020-03-27,,0,698418.0,False,5,city,SP,Osasco,SP,0,1,0.78,174.0,0.84,8089.0,32305.0,42733.0,49379.0,420590.0,62972.0,616068.0,4,Urbano,2.0,15315.0,283641.0,73477.0,-23.533612,-46.78881014
5932,Osasco,3534401,3,0.42954,2020-03-26,,0,698418.0,False,4,city,SP,Osasco,SP,0,1,0.78,174.0,0.84,8089.0,32305.0,42733.0,49379.0,420590.0,62972.0,616068.0,4,Urbano,2.0,15315.0,283641.0,73477.0,-23.533612,-46.78881014
5933,Osasco,3534401,3,0.42954,2020-03-25,0.3333,1,698418.0,False,3,city,SP,Osasco,SP,0,1,0.78,174.0,0.84,8089.0,32305.0,42733.0,49379.0,420590.0,62972.0,616068.0,4,Urbano,2.0,15315.0,283641.0,73477.0,-23.533612,-46.78881014
5934,Osasco,3534401,1,0.14318,2020-03-20,,0,698418.0,False,2,city,SP,Osasco,SP,0,1,0.78,174.0,0.84,8089.0,32305.0,42733.0,49379.0,420590.0,62972.0,616068.0,4,Urbano,2.0,15315.0,283641.0,73477.0,-23.533612,-46.78881014
5935,Osasco,3534401,1,0.14318,2020-03-18,,0,698418.0,False,1,city,SP,Osasco,SP,0,1,0.78,174.0,0.84,8089.0,32305.0,42733.0,49379.0,420590.0,62972.0,616068.0,4,Urbano,2.0,15315.0,283641.0,73477.0,-23.533612,-46.78881014
6087,Ribeirão Preto,3543402,88,12.51257,2020-04-23,0.0568,5,703293.0,True,27,city,SP,Ribeirão Preto,SP,0,0,0.8,43.0,0.8440000000000001,6977.0,27081.0,36260.0,41173.0,397212.0,74376.0,583079.0,5,Urbano,5.0,32502.0,297984.0,139841.0,-21.1848345,-47.80547592
6088,Ribeirão Preto,3543402,86,12.22819,2020-04-22,0.0581,5,703293.0,False,26,city,SP,Ribeirão Preto,SP,0,0,0.8,43.0,0.8440000000000001,6977.0,27081.0,36260.0,41173.0,397212.0,74376.0,583079.0,5,Urbano,5.0,32502.0,297984.0,139841.0,-21.1848345,-47.80547592
6089,Ribeirão Preto,3543402,84,11.94381,2020-04-21,0.0595,5,703293.0,False,25,city,SP,Ribeirão Preto,SP,0,0,0.8,43.0,0.8440000000000001,6977.0,27081.0,36260.0,41173.0,397212.0,74376.0,583079.0,5,Urbano,5.0,32502.0,297984.0,139841.0,-21.1848345,-47.80547592
6090,Ribeirão Preto,3543402,81,11.51725,2020-04-20,0.0617,5,703293.0,False,24,city,SP,Ribeirão Preto,SP,0,0,0.8,43.0,0.8440000000000001,6977.0,27081.0,36260.0,41173.0,397212.0,74376.0,583079.0,5,Urbano,5.0,32502.0,297984.0,139841.0,-21.1848345,-47.80547592
6091,Ribeirão Preto,3543402,80,11.37506,2020-04-19,0.0625,5,703293.0,False,23,city,SP,Ribeirão Preto,SP,0,0,0.8,43.0,0.8440000000000001,6977.0,27081.0,36260.0,41173.0,397212.0,74376.0,583079.0,5,Urbano,5.0,32502.0,297984.0,139841.0,-21.1848345,-47.80547592
6092,Ribeirão Preto,3543402,76,10.80631,2020-04-18,0.0658,5,703293.0,False,22,city,SP,Ribeirão Preto,SP,0,0,0.8,43.0,0.8440000000000001,6977.0,27081.0,36260.0,41173.0,397212.0,74376.0,583079.0,5,Urbano,5.0,32502.0,297984.0,139841.0,-21.1848345,-47.80547592
6093,Ribeirão Preto,3543402,72,10.23755,2020-04-17,0.0694,5,703293.0,False,21,city,SP,Ribeirão Preto,SP,0,0,0.8,43.0,0.8440000000000001,6977.0,27081.0,36260.0,41173.0,397212.0,74376.0,583079.0,5,Urbano,5.0,32502.0,297984.0,139841.0,-21.1848345,-47.80547592
6094,Ribeirão Preto,3543402,68,9.6688,2020-04-16,0.0735,5,703293.0,False,20,city,SP,Ribeirão Preto,SP,0,0,0.8,43.0,0.8440000000000001,6977.0,27081.0,36260.0,41173.0,397212.0,74376.0,583079.0,5,Urbano,5.0,32502.0,297984.0,139841.0,-21.1848345,-47.80547592
6095,Ribeirão Preto,3543402,65,9.24224,2020-04-15,0.0769,5,703293.0,False,19,city,SP,Ribeirão Preto,SP,0,0,0.8,43.0,0.8440000000000001,6977.0,27081.0,36260.0,41173.0,397212.0,74376.0,583079.0,5,Urbano,5.0,32502.0,297984.0,139841.0,-21.1848345,-47.80547592
6096,Ribeirão Preto,3543402,53,7.53598,2020-04-14,0.0755,4,703293.0,False,18,city,SP,Ribeirão Preto,SP,0,0,0.8,43.0,0.8440000000000001,6977.0,27081.0,36260.0,41173.0,397212.0,74376.0,583079.0,5,Urbano,5.0,32502.0,297984.0,139841.0,-21.1848345,-47.80547592
6097,Ribeirão Preto,3543402,44,6.25628,2020-04-13,0.0909,4,703293.0,False,17,city,SP,Ribeirão Preto,SP,0,0,0.8,43.0,0.8440000000000001,6977.0,27081.0,36260.0,41173.0,397212.0,74376.0,583079.0,5,Urbano,5.0,32502.0,297984.0,139841.0,-21.1848345,-47.80547592
6098,Ribeirão Preto,3543402,43,6.11409,2020-04-12,0.093,4,703293.0,False,16,city,SP,Ribeirão Preto,SP,0,0,0.8,43.0,0.8440000000000001,6977.0,27081.0,36260.0,41173.0,397212.0,74376.0,583079.0,5,Urbano,5.0,32502.0,297984.0,139841.0,-21.1848345,-47.80547592
6099,Ribeirão Preto,3543402,36,5.11878,2020-04-11,0.1111,4,703293.0,False,15,city,SP,Ribeirão Preto,SP,0,0,0.8,43.0,0.8440000000000001,6977.0,27081.0,36260.0,41173.0,397212.0,74376.0,583079.0,5,Urbano,5.0,32502.0,297984.0,139841.0,-21.1848345,-47.80547592
6100,Ribeirão Preto,3543402,36,5.11878,2020-04-10,0.1111,4,703293.0,False,14,city,SP,Ribeirão Preto,SP,0,0,0.8,43.0,0.8440000000000001,6977.0,27081.0,36260.0,41173.0,397212.0,74376.0,583079.0,5,Urbano,5.0,32502.0,297984.0,139841.0,-21.1848345,-47.80547592
6101,Ribeirão Preto,3543402,36,5.11878,2020-04-09,0.1111,4,703293.0,False,13,city,SP,Ribeirão Preto,SP,0,0,0.8,43.0,0.8440000000000001,6977.0,27081.0,36260.0,41173.0,397212.0,74376.0,583079.0,5,Urbano,5.0,32502.0,297984.0,139841.0,-21.1848345,-47.80547592
6102,Ribeirão Preto,3543402,36,5.11878,2020-04-08,0.0833,3,703293.0,False,12,city,SP,Ribeirão Preto,SP,0,0,0.8,43.0,0.8440000000000001,6977.0,27081.0,36260.0,41173.0,397212.0,74376.0,583079.0,5,Urbano,5.0,32502.0,297984.0,139841.0,-21.1848345,-47.80547592
6103,Ribeirão Preto,3543402,29,4.12346,2020-04-07,0.069,2,703293.0,False,11,city,SP,Ribeirão Preto,SP,0,0,0.8,43.0,0.8440000000000001,6977.0,27081.0,36260.0,41173.0,397212.0,74376.0,583079.0,5,Urbano,5.0,32502.0,297984.0,139841.0,-21.1848345,-47.80547592
6104,Ribeirão Preto,3543402,28,3.98127,2020-04-06,0.0357,1,703293.0,False,10,city,SP,Ribeirão Preto,SP,0,0,0.8,43.0,0.8440000000000001,6977.0,27081.0,36260.0,41173.0,397212.0,74376.0,583079.0,5,Urbano,5.0,32502.0,297984.0,139841.0,-21.1848345,-47.80547592
6105,Ribeirão Preto,3543402,25,3.55471,2020-04-05,0.04,1,703293.0,False,9,city,SP,Ribeirão Preto,SP,0,0,0.8,43.0,0.8440000000000001,6977.0,27081.0,36260.0,41173.0,397212.0,74376.0,583079.0,5,Urbano,5.0,32502.0,297984.0,139841.0,-21.1848345,-47.80547592
6106,Ribeirão Preto,3543402,24,3.41252,2020-04-04,0.0417,1,703293.0,False,8,city,SP,Ribeirão Preto,SP,0,0,0.8,43.0,0.8440000000000001,6977.0,27081.0,36260.0,41173.0,397212.0,74376.0,583079.0,5,Urbano,5.0,32502.0,297984.0,139841.0,-21.1848345,-47.80547592
6107,Ribeirão Preto,3543402,15,2.13282,2020-04-03,0.0667,1,703293.0,False,7,city,SP,Ribeirão Preto,SP,0,0,0.8,43.0,0.8440000000000001,6977.0,27081.0,36260.0,41173.0,397212.0,74376.0,583079.0,5,Urbano,5.0,32502.0,297984.0,139841.0,-21.1848345,-47.80547592
6108,Ribeirão Preto,3543402,11,1.56407,2020-04-02,0.0909,1,703293.0,False,6,city,SP,Ribeirão Preto,SP,0,0,0.8,43.0,0.8440000000000001,6977.0,27081.0,36260.0,41173.0,397212.0,74376.0,583079.0,5,Urbano,5.0,32502.0,297984.0,139841.0,-21.1848345,-47.80547592
6109,Ribeirão Preto,3543402,8,1.13751,2020-04-01,0.125,1,703293.0,False,5,city,SP,Ribeirão Preto,SP,0,0,0.8,43.0,0.8440000000000001,6977.0,27081.0,36260.0,41173.0,397212.0,74376.0,583079.0,5,Urbano,5.0,32502.0,297984.0,139841.0,-21.1848345,-47.80547592
6110,Ribeirão Preto,3543402,6,0.85313,2020-03-31,0.1667,1,703293.0,False,4,city,SP,Ribeirão Preto,SP,0,0,0.8,43.0,0.8440000000000001,6977.0,27081.0,36260.0,41173.0,397212.0,74376.0,583079.0,5,Urbano,5.0,32502.0,297984.0,139841.0,-21.1848345,-47.80547592
6111,Ribeirão Preto,3543402,5,0.71094,2020-03-30,0.2,1,703293.0,False,3,city,SP,Ribeirão Preto,SP,0,0,0.8,43.0,0.8440000000000001,6977.0,27081.0,36260.0,41173.0,397212.0,74376.0,583079.0,5,Urbano,5.0,32502.0,297984.0,139841.0,-21.1848345,-47.80547592
6112,Ribeirão Preto,3543402,3,0.42656,2020-03-27,0.3333,1,703293.0,False,2,city,SP,Ribeirão Preto,SP,0,0,0.8,43.0,0.8440000000000001,6977.0,27081.0,36260.0,41173.0,397212.0,74376.0,583079.0,5,Urbano,5.0,32502.0,297984.0,139841.0,-21.1848345,-47.80547592
6113,Ribeirão Preto,3543402,1,0.14219,2020-03-26,1.0,1,703293.0,False,1,city,SP,Ribeirão Preto,SP,0,0,0.8,43.0,0.8440000000000001,6977.0,27081.0,36260.0,41173.0,397212.0,74376.0,583079.0,5,Urbano,5.0,32502.0,297984.0,139841.0,-21.1848345,-47.80547592
6173,Santo André,3547809,286,39.79003,2020-04-23,0.0524,15,718773.0,True,33,city,SP,Santo André,SP,0,1,0.815,14.0,0.861,7233.0,29315.0,38363.0,44476.0,436194.0,89466.0,645047.0,4,Urbano,0.0,24972.0,372303.0,78150.0,-23.65751,-46.53087426
6174,Santo André,3547809,275,38.25965,2020-04-22,0.0509,14,718773.0,False,32,city,SP,Santo André,SP,0,1,0.815,14.0,0.861,7233.0,29315.0,38363.0,44476.0,436194.0,89466.0,645047.0,4,Urbano,0.0,24972.0,372303.0,78150.0,-23.65751,-46.53087426
6175,Santo André,3547809,270,37.56402,2020-04-21,0.0519,14,718773.0,False,31,city,SP,Santo André,SP,0,1,0.815,14.0,0.861,7233.0,29315.0,38363.0,44476.0,436194.0,89466.0,645047.0,4,Urbano,0.0,24972.0,372303.0,78150.0,-23.65751,-46.53087426
6176,Santo André,3547809,257,35.75538,2020-04-20,0.0467,12,718773.0,False,30,city,SP,Santo André,SP,0,1,0.815,14.0,0.861,7233.0,29315.0,38363.0,44476.0,436194.0,89466.0,645047.0,4,Urbano,0.0,24972.0,372303.0,78150.0,-23.65751,-46.53087426
6177,Santo André,3547809,247,34.36412,2020-04-19,0.0486,12,718773.0,False,29,city,SP,Santo André,SP,0,1,0.815,14.0,0.861,7233.0,29315.0,38363.0,44476.0,436194.0,89466.0,645047.0,4,Urbano,0.0,24972.0,372303.0,78150.0,-23.65751,-46.53087426
6178,Santo André,3547809,236,32.83373,2020-04-18,0.0508,12,718773.0,False,28,city,SP,Santo André,SP,0,1,0.815,14.0,0.861,7233.0,29315.0,38363.0,44476.0,436194.0,89466.0,645047.0,4,Urbano,0.0,24972.0,372303.0,78150.0,-23.65751,-46.53087426
6179,Santo André,3547809,222,30.88597,2020-04-17,0.045,10,718773.0,False,27,city,SP,Santo André,SP,0,1,0.815,14.0,0.861,7233.0,29315.0,38363.0,44476.0,436194.0,89466.0,645047.0,4,Urbano,0.0,24972.0,372303.0,78150.0,-23.65751,-46.53087426
6180,Santo André,3547809,205,28.52083,2020-04-16,0.0341,7,718773.0,False,26,city,SP,Santo André,SP,0,1,0.815,14.0,0.861,7233.0,29315.0,38363.0,44476.0,436194.0,89466.0,645047.0,4,Urbano,0.0,24972.0,372303.0,78150.0,-23.65751,-46.53087426
6181,Santo André,3547809,186,25.87743,2020-04-15,0.0323,6,718773.0,False,25,city,SP,Santo André,SP,0,1,0.815,14.0,0.861,7233.0,29315.0,38363.0,44476.0,436194.0,89466.0,645047.0,4,Urbano,0.0,24972.0,372303.0,78150.0,-23.65751,-46.53087426
6182,Santo André,3547809,160,22.26016,2020-04-14,0.025,4,718773.0,False,24,city,SP,Santo André,SP,0,1,0.815,14.0,0.861,7233.0,29315.0,38363.0,44476.0,436194.0,89466.0,645047.0,4,Urbano,0.0,24972.0,372303.0,78150.0,-23.65751,-46.53087426
6183,Santo André,3547809,150,20.8689,2020-04-13,0.0267,4,718773.0,False,23,city,SP,Santo André,SP,0,1,0.815,14.0,0.861,7233.0,29315.0,38363.0,44476.0,436194.0,89466.0,645047.0,4,Urbano,0.0,24972.0,372303.0,78150.0,-23.65751,-46.53087426
6184,Santo André,3547809,147,20.45152,2020-04-12,0.0204,3,718773.0,False,22,city,SP,Santo André,SP,0,1,0.815,14.0,0.861,7233.0,29315.0,38363.0,44476.0,436194.0,89466.0,645047.0,4,Urbano,0.0,24972.0,372303.0,78150.0,-23.65751,-46.53087426
6185,Santo André,3547809,142,19.75589,2020-04-11,0.0211,3,718773.0,False,21,city,SP,Santo André,SP,0,1,0.815,14.0,0.861,7233.0,29315.0,38363.0,44476.0,436194.0,89466.0,645047.0,4,Urbano,0.0,24972.0,372303.0,78150.0,-23.65751,-46.53087426
6186,Santo André,3547809,139,19.33851,2020-04-10,0.0216,3,718773.0,False,20,city,SP,Santo André,SP,0,1,0.815,14.0,0.861,7233.0,29315.0,38363.0,44476.0,436194.0,89466.0,645047.0,4,Urbano,0.0,24972.0,372303.0,78150.0,-23.65751,-46.53087426
6187,Santo André,3547809,130,18.08638,2020-04-09,0.0231,3,718773.0,False,19,city,SP,Santo André,SP,0,1,0.815,14.0,0.861,7233.0,29315.0,38363.0,44476.0,436194.0,89466.0,645047.0,4,Urbano,0.0,24972.0,372303.0,78150.0,-23.65751,-46.53087426
6188,Santo André,3547809,113,15.72124,2020-04-08,0.0265,3,718773.0,False,18,city,SP,Santo André,SP,0,1,0.815,14.0,0.861,7233.0,29315.0,38363.0,44476.0,436194.0,89466.0,645047.0,4,Urbano,0.0,24972.0,372303.0,78150.0,-23.65751,-46.53087426
6189,Santo André,3547809,98,13.63435,2020-04-07,0.0306,3,718773.0,False,17,city,SP,Santo André,SP,0,1,0.815,14.0,0.861,7233.0,29315.0,38363.0,44476.0,436194.0,89466.0,645047.0,4,Urbano,0.0,24972.0,372303.0,78150.0,-23.65751,-46.53087426
6190,Santo André,3547809,74,10.29532,2020-04-06,0.0405,3,718773.0,False,16,city,SP,Santo André,SP,0,1,0.815,14.0,0.861,7233.0,29315.0,38363.0,44476.0,436194.0,89466.0,645047.0,4,Urbano,0.0,24972.0,372303.0,78150.0,-23.65751,-46.53087426
6191,Santo André,3547809,72,10.01707,2020-04-05,0.0417,3,718773.0,False,15,city,SP,Santo André,SP,0,1,0.815,14.0,0.861,7233.0,29315.0,38363.0,44476.0,436194.0,89466.0,645047.0,4,Urbano,0.0,24972.0,372303.0,78150.0,-23.65751,-46.53087426
6192,Santo André,3547809,76,10.57357,2020-04-04,0.0395,3,718773.0,False,14,city,SP,Santo André,SP,0,1,0.815,14.0,0.861,7233.0,29315.0,38363.0,44476.0,436194.0,89466.0,645047.0,4,Urbano,0.0,24972.0,372303.0,78150.0,-23.65751,-46.53087426
6193,Santo André,3547809,70,9.73882,2020-04-03,0.0286,2,718773.0,False,13,city,SP,Santo André,SP,0,1,0.815,14.0,0.861,7233.0,29315.0,38363.0,44476.0,436194.0,89466.0,645047.0,4,Urbano,0.0,24972.0,372303.0,78150.0,-23.65751,-46.53087426
6194,Santo André,3547809,59,8.20843,2020-04-02,0.0339,2,718773.0,False,12,city,SP,Santo André,SP,0,1,0.815,14.0,0.861,7233.0,29315.0,38363.0,44476.0,436194.0,89466.0,645047.0,4,Urbano,0.0,24972.0,372303.0,78150.0,-23.65751,-46.53087426
6195,Santo André,3547809,51,7.09543,2020-04-01,0.0392,2,718773.0,False,11,city,SP,Santo André,SP,0,1,0.815,14.0,0.861,7233.0,29315.0,38363.0,44476.0,436194.0,89466.0,645047.0,4,Urbano,0.0,24972.0,372303.0,78150.0,-23.65751,-46.53087426
6196,Santo André,3547809,48,6.67805,2020-03-31,0.0208,1,718773.0,False,10,city,SP,Santo André,SP,0,1,0.815,14.0,0.861,7233.0,29315.0,38363.0,44476.0,436194.0,89466.0,645047.0,4,Urbano,0.0,24972.0,372303.0,78150.0,-23.65751,-46.53087426
6197,Santo André,3547809,40,5.56504,2020-03-30,,0,718773.0,False,9,city,SP,Santo André,SP,0,1,0.815,14.0,0.861,7233.0,29315.0,38363.0,44476.0,436194.0,89466.0,645047.0,4,Urbano,0.0,24972.0,372303.0,78150.0,-23.65751,-46.53087426
6198,Santo André,3547809,17,2.36514,2020-03-27,,0,718773.0,False,8,city,SP,Santo André,SP,0,1,0.815,14.0,0.861,7233.0,29315.0,38363.0,44476.0,436194.0,89466.0,645047.0,4,Urbano,0.0,24972.0,372303.0,78150.0,-23.65751,-46.53087426
6199,Santo André,3547809,16,2.22602,2020-03-26,,0,718773.0,False,7,city,SP,Santo André,SP,0,1,0.815,14.0,0.861,7233.0,29315.0,38363.0,44476.0,436194.0,89466.0,645047.0,4,Urbano,0.0,24972.0,372303.0,78150.0,-23.65751,-46.53087426
6200,Santo André,3547809,17,2.36514,2020-03-25,,0,718773.0,False,6,city,SP,Santo André,SP,0,1,0.815,14.0,0.861,7233.0,29315.0,38363.0,44476.0,436194.0,89466.0,645047.0,4,Urbano,0.0,24972.0,372303.0,78150.0,-23.65751,-46.53087426
6201,Santo André,3547809,3,0.41738,2020-03-20,,0,718773.0,False,5,city,SP,Santo André,SP,0,1,0.815,14.0,0.861,7233.0,29315.0,38363.0,44476.0,436194.0,89466.0,645047.0,4,Urbano,0.0,24972.0,372303.0,78150.0,-23.65751,-46.53087426
6202,Santo André,3547809,2,0.27825,2020-03-19,,0,718773.0,False,4,city,SP,Santo André,SP,0,1,0.815,14.0,0.861,7233.0,29315.0,38363.0,44476.0,436194.0,89466.0,645047.0,4,Urbano,0.0,24972.0,372303.0,78150.0,-23.65751,-46.53087426
6203,Santo André,3547809,6,0.83476,2020-03-18,,0,718773.0,False,3,city,SP,Santo André,SP,0,1,0.815,14.0,0.861,7233.0,29315.0,38363.0,44476.0,436194.0,89466.0,645047.0,4,Urbano,0.0,24972.0,372303.0,78150.0,-23.65751,-46.53087426
6204,Santo André,3547809,1,0.13913,2020-03-17,,0,718773.0,False,2,city,SP,Santo André,SP,0,1,0.815,14.0,0.861,7233.0,29315.0,38363.0,44476.0,436194.0,89466.0,645047.0,4,Urbano,0.0,24972.0,372303.0,78150.0,-23.65751,-46.53087426
6205,Santo André,3547809,1,0.13913,2020-03-16,,0,718773.0,False,1,city,SP,Santo André,SP,0,1,0.815,14.0,0.861,7233.0,29315.0,38363.0,44476.0,436194.0,89466.0,645047.0,4,Urbano,0.0,24972.0,372303.0,78150.0,-23.65751,-46.53087426
6466,Sorocaba,3552205,58,8.53722,2020-04-23,0.2069,12,679378.0,True,26,city,SP,Sorocaba,SP,0,0,0.8,48.0,0.843,7054.0,28554.0,38656.0,46466.0,387876.0,62836.0,571442.0,4,Urbano,2.0,23666.0,307611.0,91288.0,-23.499323,-47.45785325
6467,Sorocaba,3552205,56,8.24283,2020-04-22,0.2143,12,679378.0,False,25,city,SP,Sorocaba,SP,0,0,0.8,48.0,0.843,7054.0,28554.0,38656.0,46466.0,387876.0,62836.0,571442.0,4,Urbano,2.0,23666.0,307611.0,91288.0,-23.499323,-47.45785325
6468,Sorocaba,3552205,56,8.24283,2020-04-21,0.2143,12,679378.0,False,24,city,SP,Sorocaba,SP,0,0,0.8,48.0,0.843,7054.0,28554.0,38656.0,46466.0,387876.0,62836.0,571442.0,4,Urbano,2.0,23666.0,307611.0,91288.0,-23.499323,-47.45785325
6469,Sorocaba,3552205,50,7.35967,2020-04-20,0.18,9,679378.0,False,23,city,SP,Sorocaba,SP,0,0,0.8,48.0,0.843,7054.0,28554.0,38656.0,46466.0,387876.0,62836.0,571442.0,4,Urbano,2.0,23666.0,307611.0,91288.0,-23.499323,-47.45785325
6470,Sorocaba,3552205,47,6.91809,2020-04-19,0.1915,9,679378.0,False,22,city,SP,Sorocaba,SP,0,0,0.8,48.0,0.843,7054.0,28554.0,38656.0,46466.0,387876.0,62836.0,571442.0,4,Urbano,2.0,23666.0,307611.0,91288.0,-23.499323,-47.45785325
6471,Sorocaba,3552205,41,6.03493,2020-04-18,0.1951,8,679378.0,False,21,city,SP,Sorocaba,SP,0,0,0.8,48.0,0.843,7054.0,28554.0,38656.0,46466.0,387876.0,62836.0,571442.0,4,Urbano,2.0,23666.0,307611.0,91288.0,-23.499323,-47.45785325
6472,Sorocaba,3552205,39,5.74055,2020-04-17,0.1538,6,679378.0,False,20,city,SP,Sorocaba,SP,0,0,0.8,48.0,0.843,7054.0,28554.0,38656.0,46466.0,387876.0,62836.0,571442.0,4,Urbano,2.0,23666.0,307611.0,91288.0,-23.499323,-47.45785325
6473,Sorocaba,3552205,36,5.29896,2020-04-16,0.1389,5,679378.0,False,19,city,SP,Sorocaba,SP,0,0,0.8,48.0,0.843,7054.0,28554.0,38656.0,46466.0,387876.0,62836.0,571442.0,4,Urbano,2.0,23666.0,307611.0,91288.0,-23.499323,-47.45785325
6474,Sorocaba,3552205,29,4.26861,2020-04-15,0.1034,3,679378.0,False,18,city,SP,Sorocaba,SP,0,0,0.8,48.0,0.843,7054.0,28554.0,38656.0,46466.0,387876.0,62836.0,571442.0,4,Urbano,2.0,23666.0,307611.0,91288.0,-23.499323,-47.45785325
6475,Sorocaba,3552205,25,3.67984,2020-04-14,0.08,2,679378.0,False,17,city,SP,Sorocaba,SP,0,0,0.8,48.0,0.843,7054.0,28554.0,38656.0,46466.0,387876.0,62836.0,571442.0,4,Urbano,2.0,23666.0,307611.0,91288.0,-23.499323,-47.45785325
6476,Sorocaba,3552205,24,3.53264,2020-04-13,0.0833,2,679378.0,False,16,city,SP,Sorocaba,SP,0,0,0.8,48.0,0.843,7054.0,28554.0,38656.0,46466.0,387876.0,62836.0,571442.0,4,Urbano,2.0,23666.0,307611.0,91288.0,-23.499323,-47.45785325
6477,Sorocaba,3552205,20,2.94387,2020-04-12,0.1,2,679378.0,False,15,city,SP,Sorocaba,SP,0,0,0.8,48.0,0.843,7054.0,28554.0,38656.0,46466.0,387876.0,62836.0,571442.0,4,Urbano,2.0,23666.0,307611.0,91288.0,-23.499323,-47.45785325
6478,Sorocaba,3552205,20,2.94387,2020-04-11,0.1,2,679378.0,False,14,city,SP,Sorocaba,SP,0,0,0.8,48.0,0.843,7054.0,28554.0,38656.0,46466.0,387876.0,62836.0,571442.0,4,Urbano,2.0,23666.0,307611.0,91288.0,-23.499323,-47.45785325
6479,Sorocaba,3552205,18,2.64948,2020-04-10,0.1111,2,679378.0,False,13,city,SP,Sorocaba,SP,0,0,0.8,48.0,0.843,7054.0,28554.0,38656.0,46466.0,387876.0,62836.0,571442.0,4,Urbano,2.0,23666.0,307611.0,91288.0,-23.499323,-47.45785325
6480,Sorocaba,3552205,17,2.50229,2020-04-09,0.1176,2,679378.0,False,12,city,SP,Sorocaba,SP,0,0,0.8,48.0,0.843,7054.0,28554.0,38656.0,46466.0,387876.0,62836.0,571442.0,4,Urbano,2.0,23666.0,307611.0,91288.0,-23.499323,-47.45785325
6481,Sorocaba,3552205,13,1.91352,2020-04-08,0.1538,2,679378.0,False,11,city,SP,Sorocaba,SP,0,0,0.8,48.0,0.843,7054.0,28554.0,38656.0,46466.0,387876.0,62836.0,571442.0,4,Urbano,2.0,23666.0,307611.0,91288.0,-23.499323,-47.45785325
6482,Sorocaba,3552205,11,1.61913,2020-04-07,0.1818,2,679378.0,False,10,city,SP,Sorocaba,SP,0,0,0.8,48.0,0.843,7054.0,28554.0,38656.0,46466.0,387876.0,62836.0,571442.0,4,Urbano,2.0,23666.0,307611.0,91288.0,-23.499323,-47.45785325
6483,Sorocaba,3552205,10,1.47193,2020-04-06,0.2,2,679378.0,False,9,city,SP,Sorocaba,SP,0,0,0.8,48.0,0.843,7054.0,28554.0,38656.0,46466.0,387876.0,62836.0,571442.0,4,Urbano,2.0,23666.0,307611.0,91288.0,-23.499323,-47.45785325
6484,Sorocaba,3552205,9,1.32474,2020-04-05,0.2222,2,679378.0,False,8,city,SP,Sorocaba,SP,0,0,0.8,48.0,0.843,7054.0,28554.0,38656.0,46466.0,387876.0,62836.0,571442.0,4,Urbano,2.0,23666.0,307611.0,91288.0,-23.499323,-47.45785325
6485,Sorocaba,3552205,8,1.17755,2020-04-04,0.25,2,679378.0,False,7,city,SP,Sorocaba,SP,0,0,0.8,48.0,0.843,7054.0,28554.0,38656.0,46466.0,387876.0,62836.0,571442.0,4,Urbano,2.0,23666.0,307611.0,91288.0,-23.499323,-47.45785325
6486,Sorocaba,3552205,8,1.17755,2020-04-03,0.25,2,679378.0,False,6,city,SP,Sorocaba,SP,0,0,0.8,48.0,0.843,7054.0,28554.0,38656.0,46466.0,387876.0,62836.0,571442.0,4,Urbano,2.0,23666.0,307611.0,91288.0,-23.499323,-47.45785325
6487,Sorocaba,3552205,3,0.44158,2020-04-02,0.3333,1,679378.0,False,5,city,SP,Sorocaba,SP,0,0,0.8,48.0,0.843,7054.0,28554.0,38656.0,46466.0,387876.0,62836.0,571442.0,4,Urbano,2.0,23666.0,307611.0,91288.0,-23.499323,-47.45785325
6488,Sorocaba,3552205,3,0.44158,2020-04-01,0.3333,1,679378.0,False,4,city,SP,Sorocaba,SP,0,0,0.8,48.0,0.843,7054.0,28554.0,38656.0,46466.0,387876.0,62836.0,571442.0,4,Urbano,2.0,23666.0,307611.0,91288.0,-23.499323,-47.45785325
6489,Sorocaba,3552205,3,0.44158,2020-03-31,0.3333,1,679378.0,False,3,city,SP,Sorocaba,SP,0,0,0.8,48.0,0.843,7054.0,28554.0,38656.0,46466.0,387876.0,62836.0,571442.0,4,Urbano,2.0,23666.0,307611.0,91288.0,-23.499323,-47.45785325
6490,Sorocaba,3552205,3,0.44158,2020-03-30,0.3333,1,679378.0,False,2,city,SP,Sorocaba,SP,0,0,0.8,48.0,0.843,7054.0,28554.0,38656.0,46466.0,387876.0,62836.0,571442.0,4,Urbano,2.0,23666.0,307611.0,91288.0,-23.499323,-47.45785325
6491,Sorocaba,3552205,1,0.14719,2020-03-27,,0,679378.0,False,1,city,SP,Sorocaba,SP,0,0,0.8,48.0,0.843,7054.0,28554.0,38656.0,46466.0,387876.0,62836.0,571442.0,4,Urbano,2.0,23666.0,307611.0,91288.0,-23.499323,-47.45785325
6231,São Bernardo Do Campo,3548708,358,42.6731,2020-04-23,0.0698,25,838936.0,True,33,city,SP,São Bernardo Do Campo,SP,0,0,0.805,31.0,0.861,7396.0,29282.0,37322.0,42906.0,421813.0,69749.0,608468.0,4,Urbano,2.0,25504.0,403681.0,86005.0,-23.710304500000003,-46.55025725
6232,São Bernardo Do Campo,3548708,339,40.40833,2020-04-22,0.059,20,838936.0,False,32,city,SP,São Bernardo Do Campo,SP,0,0,0.805,31.0,0.861,7396.0,29282.0,37322.0,42906.0,421813.0,69749.0,608468.0,4,Urbano,2.0,25504.0,403681.0,86005.0,-23.710304500000003,-46.55025725
6233,São Bernardo Do Campo,3548708,310,36.95157,2020-04-21,0.0645,20,838936.0,False,31,city,SP,São Bernardo Do Campo,SP,0,0,0.805,31.0,0.861,7396.0,29282.0,37322.0,42906.0,421813.0,69749.0,608468.0,4,Urbano,2.0,25504.0,403681.0,86005.0,-23.710304500000003,-46.55025725
6234,São Bernardo Do Campo,3548708,298,35.52118,2020-04-20,0.0671,20,838936.0,False,30,city,SP,São Bernardo Do Campo,SP,0,0,0.805,31.0,0.861,7396.0,29282.0,37322.0,42906.0,421813.0,69749.0,608468.0,4,Urbano,2.0,25504.0,403681.0,86005.0,-23.710304500000003,-46.55025725
6235,São Bernardo Do Campo,3548708,297,35.40199,2020-04-19,0.0673,20,838936.0,False,29,city,SP,São Bernardo Do Campo,SP,0,0,0.805,31.0,0.861,7396.0,29282.0,37322.0,42906.0,421813.0,69749.0,608468.0,4,Urbano,2.0,25504.0,403681.0,86005.0,-23.710304500000003,-46.55025725
6236,São Bernardo Do Campo,3548708,294,35.04439,2020-04-18,0.068,20,838936.0,False,28,city,SP,São Bernardo Do Campo,SP,0,0,0.805,31.0,0.861,7396.0,29282.0,37322.0,42906.0,421813.0,69749.0,608468.0,4,Urbano,2.0,25504.0,403681.0,86005.0,-23.710304500000003,-46.55025725
6237,São Bernardo Do Campo,3548708,281,33.49481,2020-04-17,0.0605,17,838936.0,False,27,city,SP,São Bernardo Do Campo,SP,0,0,0.805,31.0,0.861,7396.0,29282.0,37322.0,42906.0,421813.0,69749.0,608468.0,4,Urbano,2.0,25504.0,403681.0,86005.0,-23.710304500000003,-46.55025725
6238,São Bernardo Do Campo,3548708,255,30.39564,2020-04-16,0.0627,16,838936.0,False,26,city,SP,São Bernardo Do Campo,SP,0,0,0.805,31.0,0.861,7396.0,29282.0,37322.0,42906.0,421813.0,69749.0,608468.0,4,Urbano,2.0,25504.0,403681.0,86005.0,-23.710304500000003,-46.55025725
6239,São Bernardo Do Campo,3548708,231,27.53488,2020-04-15,0.0649,15,838936.0,False,25,city,SP,São Bernardo Do Campo,SP,0,0,0.805,31.0,0.861,7396.0,29282.0,37322.0,42906.0,421813.0,69749.0,608468.0,4,Urbano,2.0,25504.0,403681.0,86005.0,-23.710304500000003,-46.55025725
6240,São Bernardo Do Campo,3548708,201,23.95892,2020-04-14,0.0547,11,838936.0,False,24,city,SP,São Bernardo Do Campo,SP,0,0,0.805,31.0,0.861,7396.0,29282.0,37322.0,42906.0,421813.0,69749.0,608468.0,4,Urbano,2.0,25504.0,403681.0,86005.0,-23.710304500000003,-46.55025725
6241,São Bernardo Do Campo,3548708,185,22.05174,2020-04-13,0.0541,10,838936.0,False,23,city,SP,São Bernardo Do Campo,SP,0,0,0.805,31.0,0.861,7396.0,29282.0,37322.0,42906.0,421813.0,69749.0,608468.0,4,Urbano,2.0,25504.0,403681.0,86005.0,-23.710304500000003,-46.55025725
6242,São Bernardo Do Campo,3548708,179,21.33655,2020-04-12,0.0559,10,838936.0,False,22,city,SP,São Bernardo Do Campo,SP,0,0,0.805,31.0,0.861,7396.0,29282.0,37322.0,42906.0,421813.0,69749.0,608468.0,4,Urbano,2.0,25504.0,403681.0,86005.0,-23.710304500000003,-46.55025725
6243,São Bernardo Do Campo,3548708,172,20.50216,2020-04-11,0.0523,9,838936.0,False,21,city,SP,São Bernardo Do Campo,SP,0,0,0.805,31.0,0.861,7396.0,29282.0,37322.0,42906.0,421813.0,69749.0,608468.0,4,Urbano,2.0,25504.0,403681.0,86005.0,-23.710304500000003,-46.55025725
6244,São Bernardo Do Campo,3548708,174,20.74056,2020-04-10,0.0517,9,838936.0,False,20,city,SP,São Bernardo Do Campo,SP,0,0,0.805,31.0,0.861,7396.0,29282.0,37322.0,42906.0,421813.0,69749.0,608468.0,4,Urbano,2.0,25504.0,403681.0,86005.0,-23.710304500000003,-46.55025725
6245,São Bernardo Do Campo,3548708,164,19.54857,2020-04-09,0.0427,7,838936.0,False,19,city,SP,São Bernardo Do Campo,SP,0,0,0.805,31.0,0.861,7396.0,29282.0,37322.0,42906.0,421813.0,69749.0,608468.0,4,Urbano,2.0,25504.0,403681.0,86005.0,-23.710304500000003,-46.55025725
6246,São Bernardo Do Campo,3548708,147,17.52219,2020-04-08,0.0476,7,838936.0,False,18,city,SP,São Bernardo Do Campo,SP,0,0,0.805,31.0,0.861,7396.0,29282.0,37322.0,42906.0,421813.0,69749.0,608468.0,4,Urbano,2.0,25504.0,403681.0,86005.0,-23.710304500000003,-46.55025725
6247,São Bernardo Do Campo,3548708,129,15.37662,2020-04-07,0.0465,6,838936.0,False,17,city,SP,São Bernardo Do Campo,SP,0,0,0.805,31.0,0.861,7396.0,29282.0,37322.0,42906.0,421813.0,69749.0,608468.0,4,Urbano,2.0,25504.0,403681.0,86005.0,-23.710304500000003,-46.55025725
6248,São Bernardo Do Campo,3548708,89,10.60868,2020-04-06,0.0562,5,838936.0,False,16,city,SP,São Bernardo Do Campo,SP,0,0,0.805,31.0,0.861,7396.0,29282.0,37322.0,42906.0,421813.0,69749.0,608468.0,4,Urbano,2.0,25504.0,403681.0,86005.0,-23.710304500000003,-46.55025725
6249,São Bernardo Do Campo,3548708,81,9.65509,2020-04-05,0.0617,5,838936.0,False,15,city,SP,São Bernardo Do Campo,SP,0,0,0.805,31.0,0.861,7396.0,29282.0,37322.0,42906.0,421813.0,69749.0,608468.0,4,Urbano,2.0,25504.0,403681.0,86005.0,-23.710304500000003,-46.55025725
6250,São Bernardo Do Campo,3548708,77,9.17829,2020-04-04,0.0519,4,838936.0,False,14,city,SP,São Bernardo Do Campo,SP,0,0,0.805,31.0,0.861,7396.0,29282.0,37322.0,42906.0,421813.0,69749.0,608468.0,4,Urbano,2.0,25504.0,403681.0,86005.0,-23.710304500000003,-46.55025725
6251,São Bernardo Do Campo,3548708,70,8.3439,2020-04-03,0.0571,4,838936.0,False,13,city,SP,São Bernardo Do Campo,SP,0,0,0.805,31.0,0.861,7396.0,29282.0,37322.0,42906.0,421813.0,69749.0,608468.0,4,Urbano,2.0,25504.0,403681.0,86005.0,-23.710304500000003,-46.55025725
6252,São Bernardo Do Campo,3548708,59,7.03272,2020-04-02,0.0339,2,838936.0,False,12,city,SP,São Bernardo Do Campo,SP,0,0,0.805,31.0,0.861,7396.0,29282.0,37322.0,42906.0,421813.0,69749.0,608468.0,4,Urbano,2.0,25504.0,403681.0,86005.0,-23.710304500000003,-46.55025725
6253,São Bernardo Do Campo,3548708,52,6.19833,2020-04-01,0.0385,2,838936.0,False,11,city,SP,São Bernardo Do Campo,SP,0,0,0.805,31.0,0.861,7396.0,29282.0,37322.0,42906.0,421813.0,69749.0,608468.0,4,Urbano,2.0,25504.0,403681.0,86005.0,-23.710304500000003,-46.55025725
6254,São Bernardo Do Campo,3548708,44,5.24474,2020-03-31,0.0227,1,838936.0,False,10,city,SP,São Bernardo Do Campo,SP,0,0,0.805,31.0,0.861,7396.0,29282.0,37322.0,42906.0,421813.0,69749.0,608468.0,4,Urbano,2.0,25504.0,403681.0,86005.0,-23.710304500000003,-46.55025725
6255,São Bernardo Do Campo,3548708,33,3.93355,2020-03-30,0.0303,1,838936.0,False,9,city,SP,São Bernardo Do Campo,SP,0,0,0.805,31.0,0.861,7396.0,29282.0,37322.0,42906.0,421813.0,69749.0,608468.0,4,Urbano,2.0,25504.0,403681.0,86005.0,-23.710304500000003,-46.55025725
6256,São Bernardo Do Campo,3548708,15,1.78798,2020-03-27,,0,838936.0,False,8,city,SP,São Bernardo Do Campo,SP,0,0,0.805,31.0,0.861,7396.0,29282.0,37322.0,42906.0,421813.0,69749.0,608468.0,4,Urbano,2.0,25504.0,403681.0,86005.0,-23.710304500000003,-46.55025725
6257,São Bernardo Do Campo,3548708,13,1.54958,2020-03-26,,0,838936.0,False,7,city,SP,São Bernardo Do Campo,SP,0,0,0.805,31.0,0.861,7396.0,29282.0,37322.0,42906.0,421813.0,69749.0,608468.0,4,Urbano,2.0,25504.0,403681.0,86005.0,-23.710304500000003,-46.55025725
6258,São Bernardo Do Campo,3548708,13,1.54958,2020-03-25,,0,838936.0,False,6,city,SP,São Bernardo Do Campo,SP,0,0,0.805,31.0,0.861,7396.0,29282.0,37322.0,42906.0,421813.0,69749.0,608468.0,4,Urbano,2.0,25504.0,403681.0,86005.0,-23.710304500000003,-46.55025725
6259,São Bernardo Do Campo,3548708,4,0.47679,2020-03-20,,0,838936.0,False,5,city,SP,São Bernardo Do Campo,SP,0,0,0.805,31.0,0.861,7396.0,29282.0,37322.0,42906.0,421813.0,69749.0,608468.0,4,Urbano,2.0,25504.0,403681.0,86005.0,-23.710304500000003,-46.55025725
6260,São Bernardo Do Campo,3548708,3,0.3576,2020-03-19,,0,838936.0,False,4,city,SP,São Bernardo Do Campo,SP,0,0,0.805,31.0,0.861,7396.0,29282.0,37322.0,42906.0,421813.0,69749.0,608468.0,4,Urbano,2.0,25504.0,403681.0,86005.0,-23.710304500000003,-46.55025725
6261,São Bernardo Do Campo,3548708,3,0.3576,2020-03-18,,0,838936.0,False,3,city,SP,São Bernardo Do Campo,SP,0,0,0.805,31.0,0.861,7396.0,29282.0,37322.0,42906.0,421813.0,69749.0,608468.0,4,Urbano,2.0,25504.0,403681.0,86005.0,-23.710304500000003,-46.55025725
6262,São Bernardo Do Campo,3548708,1,0.1192,2020-03-17,,0,838936.0,False,2,city,SP,São Bernardo Do Campo,SP,0,0,0.805,31.0,0.861,7396.0,29282.0,37322.0,42906.0,421813.0,69749.0,608468.0,4,Urbano,2.0,25504.0,403681.0,86005.0,-23.710304500000003,-46.55025725
6263,São Bernardo Do Campo,3548708,1,0.1192,2020-03-16,,0,838936.0,False,1,city,SP,São Bernardo Do Campo,SP,0,0,0.805,31.0,0.861,7396.0,29282.0,37322.0,42906.0,421813.0,69749.0,608468.0,4,Urbano,2.0,25504.0,403681.0,86005.0,-23.710304500000003,-46.55025725
6315,São José Do Rio Preto,3549805,74,16.06352,2020-04-23,0.1081,8,460671.0,True,31,city,SP,São José Do Rio Preto,SP,0,0,0.797,51.0,0.846,4744.0,17586.0,22831.0,26460.0,269742.0,54124.0,395487.0,4,Urbano,1.0,21637.0,214386.0,104441.0,-20.8126365,-49.38134769
6316,São José Do Rio Preto,3549805,73,15.84645,2020-04-22,0.1096,8,460671.0,False,30,city,SP,São José Do Rio Preto,SP,0,0,0.797,51.0,0.846,4744.0,17586.0,22831.0,26460.0,269742.0,54124.0,395487.0,4,Urbano,1.0,21637.0,214386.0,104441.0,-20.8126365,-49.38134769
6317,São José Do Rio Preto,3549805,72,15.62938,2020-04-21,0.1111,8,460671.0,False,29,city,SP,São José Do Rio Preto,SP,0,0,0.797,51.0,0.846,4744.0,17586.0,22831.0,26460.0,269742.0,54124.0,395487.0,4,Urbano,1.0,21637.0,214386.0,104441.0,-20.8126365,-49.38134769
6318,São José Do Rio Preto,3549805,71,15.4123,2020-04-20,0.0986,7,460671.0,False,28,city,SP,São José Do Rio Preto,SP,0,0,0.797,51.0,0.846,4744.0,17586.0,22831.0,26460.0,269742.0,54124.0,395487.0,4,Urbano,1.0,21637.0,214386.0,104441.0,-20.8126365,-49.38134769
6319,São José Do Rio Preto,3549805,71,15.4123,2020-04-19,0.0845,6,460671.0,False,27,city,SP,São José Do Rio Preto,SP,0,0,0.797,51.0,0.846,4744.0,17586.0,22831.0,26460.0,269742.0,54124.0,395487.0,4,Urbano,1.0,21637.0,214386.0,104441.0,-20.8126365,-49.38134769
6320,São José Do Rio Preto,3549805,70,15.19523,2020-04-18,0.0571,4,460671.0,False,26,city,SP,São José Do Rio Preto,SP,0,0,0.797,51.0,0.846,4744.0,17586.0,22831.0,26460.0,269742.0,54124.0,395487.0,4,Urbano,1.0,21637.0,214386.0,104441.0,-20.8126365,-49.38134769
6321,São José Do Rio Preto,3549805,68,14.76108,2020-04-17,0.0588,4,460671.0,False,25,city,SP,São José Do Rio Preto,SP,0,0,0.797,51.0,0.846,4744.0,17586.0,22831.0,26460.0,269742.0,54124.0,395487.0,4,Urbano,1.0,21637.0,214386.0,104441.0,-20.8126365,-49.38134769
6322,São José Do Rio Preto,3549805,65,14.10985,2020-04-16,0.0462,3,460671.0,False,24,city,SP,São José Do Rio Preto,SP,0,0,0.797,51.0,0.846,4744.0,17586.0,22831.0,26460.0,269742.0,54124.0,395487.0,4,Urbano,1.0,21637.0,214386.0,104441.0,-20.8126365,-49.38134769
6323,São José Do Rio Preto,3549805,61,13.24155,2020-04-15,0.0492,3,460671.0,False,23,city,SP,São José Do Rio Preto,SP,0,0,0.797,51.0,0.846,4744.0,17586.0,22831.0,26460.0,269742.0,54124.0,395487.0,4,Urbano,1.0,21637.0,214386.0,104441.0,-20.8126365,-49.38134769
6324,São José Do Rio Preto,3549805,56,12.15618,2020-04-14,0.0536,3,460671.0,False,22,city,SP,São José Do Rio Preto,SP,0,0,0.797,51.0,0.846,4744.0,17586.0,22831.0,26460.0,269742.0,54124.0,395487.0,4,Urbano,1.0,21637.0,214386.0,104441.0,-20.8126365,-49.38134769
6325,São José Do Rio Preto,3549805,46,9.98543,2020-04-13,0.0217,1,460671.0,False,21,city,SP,São José Do Rio Preto,SP,0,0,0.797,51.0,0.846,4744.0,17586.0,22831.0,26460.0,269742.0,54124.0,395487.0,4,Urbano,1.0,21637.0,214386.0,104441.0,-20.8126365,-49.38134769
6326,São José Do Rio Preto,3549805,44,9.55128,2020-04-12,0.0227,1,460671.0,False,20,city,SP,São José Do Rio Preto,SP,0,0,0.797,51.0,0.846,4744.0,17586.0,22831.0,26460.0,269742.0,54124.0,395487.0,4,Urbano,1.0,21637.0,214386.0,104441.0,-20.8126365,-49.38134769
6327,São José Do Rio Preto,3549805,40,8.68299,2020-04-11,0.025,1,460671.0,False,19,city,SP,São José Do Rio Preto,SP,0,0,0.797,51.0,0.846,4744.0,17586.0,22831.0,26460.0,269742.0,54124.0,395487.0,4,Urbano,1.0,21637.0,214386.0,104441.0,-20.8126365,-49.38134769
6328,São José Do Rio Preto,3549805,41,8.90006,2020-04-10,0.0244,1,460671.0,False,18,city,SP,São José Do Rio Preto,SP,0,0,0.797,51.0,0.846,4744.0,17586.0,22831.0,26460.0,269742.0,54124.0,395487.0,4,Urbano,1.0,21637.0,214386.0,104441.0,-20.8126365,-49.38134769
6329,São José Do Rio Preto,3549805,41,8.90006,2020-04-09,0.0244,1,460671.0,False,17,city,SP,São José Do Rio Preto,SP,0,0,0.797,51.0,0.846,4744.0,17586.0,22831.0,26460.0,269742.0,54124.0,395487.0,4,Urbano,1.0,21637.0,214386.0,104441.0,-20.8126365,-49.38134769
6330,São José Do Rio Preto,3549805,36,7.81469,2020-04-08,0.0278,1,460671.0,False,16,city,SP,São José Do Rio Preto,SP,0,0,0.797,51.0,0.846,4744.0,17586.0,22831.0,26460.0,269742.0,54124.0,395487.0,4,Urbano,1.0,21637.0,214386.0,104441.0,-20.8126365,-49.38134769
6331,São José Do Rio Preto,3549805,28,6.07809,2020-04-07,0.0357,1,460671.0,False,15,city,SP,São José Do Rio Preto,SP,0,0,0.797,51.0,0.846,4744.0,17586.0,22831.0,26460.0,269742.0,54124.0,395487.0,4,Urbano,1.0,21637.0,214386.0,104441.0,-20.8126365,-49.38134769
6332,São José Do Rio Preto,3549805,13,2.82197,2020-04-06,,0,460671.0,False,14,city,SP,São José Do Rio Preto,SP,0,0,0.797,51.0,0.846,4744.0,17586.0,22831.0,26460.0,269742.0,54124.0,395487.0,4,Urbano,1.0,21637.0,214386.0,104441.0,-20.8126365,-49.38134769
6333,São José Do Rio Preto,3549805,10,2.17075,2020-04-05,,0,460671.0,False,13,city,SP,São José Do Rio Preto,SP,0,0,0.797,51.0,0.846,4744.0,17586.0,22831.0,26460.0,269742.0,54124.0,395487.0,4,Urbano,1.0,21637.0,214386.0,104441.0,-20.8126365,-49.38134769
6334,São José Do Rio Preto,3549805,9,1.95367,2020-04-04,,0,460671.0,False,12,city,SP,São José Do Rio Preto,SP,0,0,0.797,51.0,0.846,4744.0,17586.0,22831.0,26460.0,269742.0,54124.0,395487.0,4,Urbano,1.0,21637.0,214386.0,104441.0,-20.8126365,-49.38134769
6335,São José Do Rio Preto,3549805,7,1.51952,2020-04-03,,0,460671.0,False,11,city,SP,São José Do Rio Preto,SP,0,0,0.797,51.0,0.846,4744.0,17586.0,22831.0,26460.0,269742.0,54124.0,395487.0,4,Urbano,1.0,21637.0,214386.0,104441.0,-20.8126365,-49.38134769
6336,São José Do Rio Preto,3549805,7,1.51952,2020-04-02,,0,460671.0,False,10,city,SP,São José Do Rio Preto,SP,0,0,0.797,51.0,0.846,4744.0,17586.0,22831.0,26460.0,269742.0,54124.0,395487.0,4,Urbano,1.0,21637.0,214386.0,104441.0,-20.8126365,-49.38134769
6337,São José Do Rio Preto,3549805,7,1.51952,2020-04-01,,0,460671.0,False,9,city,SP,São José Do Rio Preto,SP,0,0,0.797,51.0,0.846,4744.0,17586.0,22831.0,26460.0,269742.0,54124.0,395487.0,4,Urbano,1.0,21637.0,214386.0,104441.0,-20.8126365,-49.38134769
6338,São José Do Rio Preto,3549805,6,1.30245,2020-03-31,,0,460671.0,False,8,city,SP,São José Do Rio Preto,SP,0,0,0.797,51.0,0.846,4744.0,17586.0,22831.0,26460.0,269742.0,54124.0,395487.0,4,Urbano,1.0,21637.0,214386.0,104441.0,-20.8126365,-49.38134769
6339,São José Do Rio Preto,3549805,3,0.65122,2020-03-30,,0,460671.0,False,7,city,SP,São José Do Rio Preto,SP,0,0,0.797,51.0,0.846,4744.0,17586.0,22831.0,26460.0,269742.0,54124.0,395487.0,4,Urbano,1.0,21637.0,214386.0,104441.0,-20.8126365,-49.38134769
6340,São José Do Rio Preto,3549805,1,0.21707,2020-03-27,,0,460671.0,False,6,city,SP,São José Do Rio Preto,SP,0,0,0.797,51.0,0.846,4744.0,17586.0,22831.0,26460.0,269742.0,54124.0,395487.0,4,Urbano,1.0,21637.0,214386.0,104441.0,-20.8126365,-49.38134769
6341,São José Do Rio Preto,3549805,1,0.21707,2020-03-26,,0,460671.0,False,5,city,SP,São José Do Rio Preto,SP,0,0,0.797,51.0,0.846,4744.0,17586.0,22831.0,26460.0,269742.0,54124.0,395487.0,4,Urbano,1.0,21637.0,214386.0,104441.0,-20.8126365,-49.38134769
6342,São José Do Rio Preto,3549805,1,0.21707,2020-03-25,,0,460671.0,False,4,city,SP,São José Do Rio Preto,SP,0,0,0.797,51.0,0.846,4744.0,17586.0,22831.0,26460.0,269742.0,54124.0,395487.0,4,Urbano,1.0,21637.0,214386.0,104441.0,-20.8126365,-49.38134769
6343,São José Do Rio Preto,3549805,1,0.21707,2020-03-20,,0,460671.0,False,3,city,SP,São José Do Rio Preto,SP,0,0,0.797,51.0,0.846,4744.0,17586.0,22831.0,26460.0,269742.0,54124.0,395487.0,4,Urbano,1.0,21637.0,214386.0,104441.0,-20.8126365,-49.38134769
6344,São José Do Rio Preto,3549805,1,0.21707,2020-03-19,,0,460671.0,False,2,city,SP,São José Do Rio Preto,SP,0,0,0.797,51.0,0.846,4744.0,17586.0,22831.0,26460.0,269742.0,54124.0,395487.0,4,Urbano,1.0,21637.0,214386.0,104441.0,-20.8126365,-49.38134769
6345,São José Do Rio Preto,3549805,1,0.21707,2020-03-18,,0,460671.0,False,1,city,SP,São José Do Rio Preto,SP,0,0,0.797,51.0,0.846,4744.0,17586.0,22831.0,26460.0,269742.0,54124.0,395487.0,4,Urbano,1.0,21637.0,214386.0,104441.0,-20.8126365,-49.38134769
6346,São José Dos Campos,3549904,141,19.5306,2020-04-23,0.0355,5,721944.0,True,30,city,SP,São José Dos Campos,SP,0,0,0.807,24.0,0.855,7504.0,29167.0,37799.0,44328.0,386449.0,56585.0,561832.0,4,Urbano,5.0,20912.0,301022.0,62543.0,-23.1840615,-45.8841754
6347,São José Dos Campos,3549904,139,19.25357,2020-04-22,0.0216,3,721944.0,False,29,city,SP,São José Dos Campos,SP,0,0,0.807,24.0,0.855,7504.0,29167.0,37799.0,44328.0,386449.0,56585.0,561832.0,4,Urbano,5.0,20912.0,301022.0,62543.0,-23.1840615,-45.8841754
6348,São José Dos Campos,3549904,138,19.11506,2020-04-21,0.0217,3,721944.0,False,28,city,SP,São José Dos Campos,SP,0,0,0.807,24.0,0.855,7504.0,29167.0,37799.0,44328.0,386449.0,56585.0,561832.0,4,Urbano,5.0,20912.0,301022.0,62543.0,-23.1840615,-45.8841754
6349,São José Dos Campos,3549904,136,18.83803,2020-04-20,0.0221,3,721944.0,False,27,city,SP,São José Dos Campos,SP,0,0,0.807,24.0,0.855,7504.0,29167.0,37799.0,44328.0,386449.0,56585.0,561832.0,4,Urbano,5.0,20912.0,301022.0,62543.0,-23.1840615,-45.8841754
6350,São José Dos Campos,3549904,136,18.83803,2020-04-19,0.0221,3,721944.0,False,26,city,SP,São José Dos Campos,SP,0,0,0.807,24.0,0.855,7504.0,29167.0,37799.0,44328.0,386449.0,56585.0,561832.0,4,Urbano,5.0,20912.0,301022.0,62543.0,-23.1840615,-45.8841754
6351,São José Dos Campos,3549904,138,19.11506,2020-04-18,0.0217,3,721944.0,False,25,city,SP,São José Dos Campos,SP,0,0,0.807,24.0,0.855,7504.0,29167.0,37799.0,44328.0,386449.0,56585.0,561832.0,4,Urbano,5.0,20912.0,301022.0,62543.0,-23.1840615,-45.8841754
6352,São José Dos Campos,3549904,135,18.69951,2020-04-17,0.0222,3,721944.0,False,24,city,SP,São José Dos Campos,SP,0,0,0.807,24.0,0.855,7504.0,29167.0,37799.0,44328.0,386449.0,56585.0,561832.0,4,Urbano,5.0,20912.0,301022.0,62543.0,-23.1840615,-45.8841754
6353,São José Dos Campos,3549904,116,16.06773,2020-04-16,0.0259,3,721944.0,False,23,city,SP,São José Dos Campos,SP,0,0,0.807,24.0,0.855,7504.0,29167.0,37799.0,44328.0,386449.0,56585.0,561832.0,4,Urbano,5.0,20912.0,301022.0,62543.0,-23.1840615,-45.8841754
6354,São José Dos Campos,3549904,113,15.65218,2020-04-15,0.0265,3,721944.0,False,22,city,SP,São José Dos Campos,SP,0,0,0.807,24.0,0.855,7504.0,29167.0,37799.0,44328.0,386449.0,56585.0,561832.0,4,Urbano,5.0,20912.0,301022.0,62543.0,-23.1840615,-45.8841754
6355,São José Dos Campos,3549904,90,12.46634,2020-04-14,0.0222,2,721944.0,False,21,city,SP,São José Dos Campos,SP,0,0,0.807,24.0,0.855,7504.0,29167.0,37799.0,44328.0,386449.0,56585.0,561832.0,4,Urbano,5.0,20912.0,301022.0,62543.0,-23.1840615,-45.8841754
6356,São José Dos Campos,3549904,85,11.77377,2020-04-13,0.0118,1,721944.0,False,20,city,SP,São José Dos Campos,SP,0,0,0.807,24.0,0.855,7504.0,29167.0,37799.0,44328.0,386449.0,56585.0,561832.0,4,Urbano,5.0,20912.0,301022.0,62543.0,-23.1840615,-45.8841754
6357,São José Dos Campos,3549904,85,11.77377,2020-04-12,0.0118,1,721944.0,False,19,city,SP,São José Dos Campos,SP,0,0,0.807,24.0,0.855,7504.0,29167.0,37799.0,44328.0,386449.0,56585.0,561832.0,4,Urbano,5.0,20912.0,301022.0,62543.0,-23.1840615,-45.8841754
6358,São José Dos Campos,3549904,85,11.77377,2020-04-11,0.0118,1,721944.0,False,18,city,SP,São José Dos Campos,SP,0,0,0.807,24.0,0.855,7504.0,29167.0,37799.0,44328.0,386449.0,56585.0,561832.0,4,Urbano,5.0,20912.0,301022.0,62543.0,-23.1840615,-45.8841754
6359,São José Dos Campos,3549904,85,11.77377,2020-04-10,0.0118,1,721944.0,False,17,city,SP,São José Dos Campos,SP,0,0,0.807,24.0,0.855,7504.0,29167.0,37799.0,44328.0,386449.0,56585.0,561832.0,4,Urbano,5.0,20912.0,301022.0,62543.0,-23.1840615,-45.8841754
6360,São José Dos Campos,3549904,81,11.21971,2020-04-09,0.0123,1,721944.0,False,16,city,SP,São José Dos Campos,SP,0,0,0.807,24.0,0.855,7504.0,29167.0,37799.0,44328.0,386449.0,56585.0,561832.0,4,Urbano,5.0,20912.0,301022.0,62543.0,-23.1840615,-45.8841754
6361,São José Dos Campos,3549904,77,10.66565,2020-04-08,,0,721944.0,False,15,city,SP,São José Dos Campos,SP,0,0,0.807,24.0,0.855,7504.0,29167.0,37799.0,44328.0,386449.0,56585.0,561832.0,4,Urbano,5.0,20912.0,301022.0,62543.0,-23.1840615,-45.8841754
6362,São José Dos Campos,3549904,61,8.44941,2020-04-07,,0,721944.0,False,14,city,SP,São José Dos Campos,SP,0,0,0.807,24.0,0.855,7504.0,29167.0,37799.0,44328.0,386449.0,56585.0,561832.0,4,Urbano,5.0,20912.0,301022.0,62543.0,-23.1840615,-45.8841754
6363,São José Dos Campos,3549904,48,6.64872,2020-04-06,,0,721944.0,False,13,city,SP,São José Dos Campos,SP,0,0,0.807,24.0,0.855,7504.0,29167.0,37799.0,44328.0,386449.0,56585.0,561832.0,4,Urbano,5.0,20912.0,301022.0,62543.0,-23.1840615,-45.8841754
6364,São José Dos Campos,3549904,30,4.15545,2020-04-05,,0,721944.0,False,12,city,SP,São José Dos Campos,SP,0,0,0.807,24.0,0.855,7504.0,29167.0,37799.0,44328.0,386449.0,56585.0,561832.0,4,Urbano,5.0,20912.0,301022.0,62543.0,-23.1840615,-45.8841754
6365,São José Dos Campos,3549904,24,3.32436,2020-04-04,,0,721944.0,False,11,city,SP,São José Dos Campos,SP,0,0,0.807,24.0,0.855,7504.0,29167.0,37799.0,44328.0,386449.0,56585.0,561832.0,4,Urbano,5.0,20912.0,301022.0,62543.0,-23.1840615,-45.8841754
6366,São José Dos Campos,3549904,20,2.7703,2020-04-03,,0,721944.0,False,10,city,SP,São José Dos Campos,SP,0,0,0.807,24.0,0.855,7504.0,29167.0,37799.0,44328.0,386449.0,56585.0,561832.0,4,Urbano,5.0,20912.0,301022.0,62543.0,-23.1840615,-45.8841754
6367,São José Dos Campos,3549904,14,1.93921,2020-04-02,,0,721944.0,False,9,city,SP,São José Dos Campos,SP,0,0,0.807,24.0,0.855,7504.0,29167.0,37799.0,44328.0,386449.0,56585.0,561832.0,4,Urbano,5.0,20912.0,301022.0,62543.0,-23.1840615,-45.8841754
6368,São José Dos Campos,3549904,12,1.66218,2020-04-01,,0,721944.0,False,8,city,SP,São José Dos Campos,SP,0,0,0.807,24.0,0.855,7504.0,29167.0,37799.0,44328.0,386449.0,56585.0,561832.0,4,Urbano,5.0,20912.0,301022.0,62543.0,-23.1840615,-45.8841754
6369,São José Dos Campos,3549904,9,1.24663,2020-03-31,,0,721944.0,False,7,city,SP,São José Dos Campos,SP,0,0,0.807,24.0,0.855,7504.0,29167.0,37799.0,44328.0,386449.0,56585.0,561832.0,4,Urbano,5.0,20912.0,301022.0,62543.0,-23.1840615,-45.8841754
6370,São José Dos Campos,3549904,5,0.69257,2020-03-30,,0,721944.0,False,6,city,SP,São José Dos Campos,SP,0,0,0.807,24.0,0.855,7504.0,29167.0,37799.0,44328.0,386449.0,56585.0,561832.0,4,Urbano,5.0,20912.0,301022.0,62543.0,-23.1840615,-45.8841754
6371,São José Dos Campos,3549904,4,0.55406,2020-03-27,,0,721944.0,False,5,city,SP,São José Dos Campos,SP,0,0,0.807,24.0,0.855,7504.0,29167.0,37799.0,44328.0,386449.0,56585.0,561832.0,4,Urbano,5.0,20912.0,301022.0,62543.0,-23.1840615,-45.8841754
6372,São José Dos Campos,3549904,2,0.27703,2020-03-26,,0,721944.0,False,4,city,SP,São José Dos Campos,SP,0,0,0.807,24.0,0.855,7504.0,29167.0,37799.0,44328.0,386449.0,56585.0,561832.0,4,Urbano,5.0,20912.0,301022.0,62543.0,-23.1840615,-45.8841754
6373,São José Dos Campos,3549904,2,0.27703,2020-03-25,,0,721944.0,False,3,city,SP,São José Dos Campos,SP,0,0,0.807,24.0,0.855,7504.0,29167.0,37799.0,44328.0,386449.0,56585.0,561832.0,4,Urbano,5.0,20912.0,301022.0,62543.0,-23.1840615,-45.8841754
6374,São José Dos Campos,3549904,1,0.13851,2020-03-20,,0,721944.0,False,2,city,SP,São José Dos Campos,SP,0,0,0.807,24.0,0.855,7504.0,29167.0,37799.0,44328.0,386449.0,56585.0,561832.0,4,Urbano,5.0,20912.0,301022.0,62543.0,-23.1840615,-45.8841754
6375,São José Dos Campos,3549904,1,0.13851,2020-03-18,,0,721944.0,False,1,city,SP,São José Dos Campos,SP,0,0,0.807,24.0,0.855,7504.0,29167.0,37799.0,44328.0,386449.0,56585.0,561832.0,4,Urbano,5.0,20912.0,301022.0,62543.0,-23.1840615,-45.8841754
6376,São Paulo,3550308,11225,91.61752,2020-04-23,0.0812,912,12252023.0,True,50,city,SP,São Paulo,SP,1,1,0.805,28.0,0.855,129464.0,514794.0,684443.0,783702.0,7058221.0,1293012.0,10463636.0,5,Urbano,57.0,530446.0,5740995.0,1134570.0,-23.5673865,-46.57038318
6377,São Paulo,3550308,10691,87.25906,2020-04-22,0.0728,778,12252023.0,False,49,city,SP,São Paulo,SP,1,1,0.805,28.0,0.855,129464.0,514794.0,684443.0,783702.0,7058221.0,1293012.0,10463636.0,5,Urbano,57.0,530446.0,5740995.0,1134570.0,-23.5673865,-46.57038318
6378,São Paulo,3550308,10342,84.41055,2020-04-21,0.0728,753,12252023.0,False,48,city,SP,São Paulo,SP,1,1,0.805,28.0,0.855,129464.0,514794.0,684443.0,783702.0,7058221.0,1293012.0,10463636.0,5,Urbano,57.0,530446.0,5740995.0,1134570.0,-23.5673865,-46.57038318
6379,São Paulo,3550308,9815,80.10922,2020-04-20,0.0728,715,12252023.0,False,47,city,SP,São Paulo,SP,1,1,0.805,28.0,0.855,129464.0,514794.0,684443.0,783702.0,7058221.0,1293012.0,10463636.0,5,Urbano,57.0,530446.0,5740995.0,1134570.0,-23.5673865,-46.57038318
6380,São Paulo,3550308,9668,78.90942,2020-04-19,0.0724,700,12252023.0,False,46,city,SP,São Paulo,SP,1,1,0.805,28.0,0.855,129464.0,514794.0,684443.0,783702.0,7058221.0,1293012.0,10463636.0,5,Urbano,57.0,530446.0,5740995.0,1134570.0,-23.5673865,-46.57038318
6381,São Paulo,3550308,9428,76.95056,2020-04-18,0.0728,686,12252023.0,False,45,city,SP,São Paulo,SP,1,1,0.805,28.0,0.855,129464.0,514794.0,684443.0,783702.0,7058221.0,1293012.0,10463636.0,5,Urbano,57.0,530446.0,5740995.0,1134570.0,-23.5673865,-46.57038318
6382,São Paulo,3550308,8744,71.36781,2020-04-17,0.0735,643,12252023.0,False,44,city,SP,São Paulo,SP,1,1,0.805,28.0,0.855,129464.0,514794.0,684443.0,783702.0,7058221.0,1293012.0,10463636.0,5,Urbano,57.0,530446.0,5740995.0,1134570.0,-23.5673865,-46.57038318
6383,São Paulo,3550308,7908,64.54444,2020-04-16,0.0763,603,12252023.0,False,43,city,SP,São Paulo,SP,1,1,0.805,28.0,0.855,129464.0,514794.0,684443.0,783702.0,7058221.0,1293012.0,10463636.0,5,Urbano,57.0,530446.0,5740995.0,1134570.0,-23.5673865,-46.57038318
6384,São Paulo,3550308,7764,63.36913,2020-04-15,0.0719,558,12252023.0,False,42,city,SP,São Paulo,SP,1,1,0.805,28.0,0.855,129464.0,514794.0,684443.0,783702.0,7058221.0,1293012.0,10463636.0,5,Urbano,57.0,530446.0,5740995.0,1134570.0,-23.5673865,-46.57038318
6385,São Paulo,3550308,6705,54.72566,2020-04-14,0.0764,512,12252023.0,False,41,city,SP,São Paulo,SP,1,1,0.805,28.0,0.855,129464.0,514794.0,684443.0,783702.0,7058221.0,1293012.0,10463636.0,5,Urbano,57.0,530446.0,5740995.0,1134570.0,-23.5673865,-46.57038318
6386,São Paulo,3550308,6418,52.38319,2020-04-13,0.0711,456,12252023.0,False,40,city,SP,São Paulo,SP,1,1,0.805,28.0,0.855,129464.0,514794.0,684443.0,783702.0,7058221.0,1293012.0,10463636.0,5,Urbano,57.0,530446.0,5740995.0,1134570.0,-23.5673865,-46.57038318
6387,São Paulo,3550308,6352,51.8445,2020-04-12,0.0701,445,12252023.0,False,39,city,SP,São Paulo,SP,1,1,0.805,28.0,0.855,129464.0,514794.0,684443.0,783702.0,7058221.0,1293012.0,10463636.0,5,Urbano,57.0,530446.0,5740995.0,1134570.0,-23.5673865,-46.57038318
6388,São Paulo,3550308,6131,50.04072,2020-04-11,0.0688,422,12252023.0,False,38,city,SP,São Paulo,SP,1,1,0.805,28.0,0.855,129464.0,514794.0,684443.0,783702.0,7058221.0,1293012.0,10463636.0,5,Urbano,57.0,530446.0,5740995.0,1134570.0,-23.5673865,-46.57038318
6389,São Paulo,3550308,5982,48.82459,2020-04-10,0.0684,409,12252023.0,False,37,city,SP,São Paulo,SP,1,1,0.805,28.0,0.855,129464.0,514794.0,684443.0,783702.0,7058221.0,1293012.0,10463636.0,5,Urbano,57.0,530446.0,5740995.0,1134570.0,-23.5673865,-46.57038318
6390,São Paulo,3550308,5477,44.70282,2020-04-09,0.0701,384,12252023.0,False,36,city,SP,São Paulo,SP,1,1,0.805,28.0,0.855,129464.0,514794.0,684443.0,783702.0,7058221.0,1293012.0,10463636.0,5,Urbano,57.0,530446.0,5740995.0,1134570.0,-23.5673865,-46.57038318
6391,São Paulo,3550308,4947,40.37701,2020-04-08,0.0685,339,12252023.0,False,35,city,SP,São Paulo,SP,1,1,0.805,28.0,0.855,129464.0,514794.0,684443.0,783702.0,7058221.0,1293012.0,10463636.0,5,Urbano,57.0,530446.0,5740995.0,1134570.0,-23.5673865,-46.57038318
6392,São Paulo,3550308,4258,34.75344,2020-04-07,0.0695,296,12252023.0,False,34,city,SP,São Paulo,SP,1,1,0.805,28.0,0.855,129464.0,514794.0,684443.0,783702.0,7058221.0,1293012.0,10463636.0,5,Urbano,57.0,530446.0,5740995.0,1134570.0,-23.5673865,-46.57038318
6393,São Paulo,3550308,3754,30.63984,2020-04-06,0.065,244,12252023.0,False,33,city,SP,São Paulo,SP,1,1,0.805,28.0,0.855,129464.0,514794.0,684443.0,783702.0,7058221.0,1293012.0,10463636.0,5,Urbano,57.0,530446.0,5740995.0,1134570.0,-23.5673865,-46.57038318
6394,São Paulo,3550308,3612,29.48085,2020-04-05,0.0609,220,12252023.0,False,32,city,SP,São Paulo,SP,1,1,0.805,28.0,0.855,129464.0,514794.0,684443.0,783702.0,7058221.0,1293012.0,10463636.0,5,Urbano,57.0,530446.0,5740995.0,1134570.0,-23.5673865,-46.57038318
6395,São Paulo,3550308,3496,28.53406,2020-04-04,0.0606,212,12252023.0,False,31,city,SP,São Paulo,SP,1,1,0.805,28.0,0.855,129464.0,514794.0,684443.0,783702.0,7058221.0,1293012.0,10463636.0,5,Urbano,57.0,530446.0,5740995.0,1134570.0,-23.5673865,-46.57038318
6396,São Paulo,3550308,3202,26.13446,2020-04-03,0.0581,186,12252023.0,False,30,city,SP,São Paulo,SP,1,1,0.805,28.0,0.855,129464.0,514794.0,684443.0,783702.0,7058221.0,1293012.0,10463636.0,5,Urbano,57.0,530446.0,5740995.0,1134570.0,-23.5673865,-46.57038318
6397,São Paulo,3550308,2815,22.9758,2020-04-02,0.0583,164,12252023.0,False,29,city,SP,São Paulo,SP,1,1,0.805,28.0,0.855,129464.0,514794.0,684443.0,783702.0,7058221.0,1293012.0,10463636.0,5,Urbano,57.0,530446.0,5740995.0,1134570.0,-23.5673865,-46.57038318
6398,São Paulo,3550308,2418,19.73552,2020-04-01,0.0596,144,12252023.0,False,28,city,SP,São Paulo,SP,1,1,0.805,28.0,0.855,129464.0,514794.0,684443.0,783702.0,7058221.0,1293012.0,10463636.0,5,Urbano,57.0,530446.0,5740995.0,1134570.0,-23.5673865,-46.57038318
6399,São Paulo,3550308,1885,15.38521,2020-03-31,0.0642,121,12252023.0,False,27,city,SP,São Paulo,SP,1,1,0.805,28.0,0.855,129464.0,514794.0,684443.0,783702.0,7058221.0,1293012.0,10463636.0,5,Urbano,57.0,530446.0,5740995.0,1134570.0,-23.5673865,-46.57038318
6400,São Paulo,3550308,1233,10.06364,2020-03-30,0.0835,103,12252023.0,False,26,city,SP,São Paulo,SP,1,1,0.805,28.0,0.855,129464.0,514794.0,684443.0,783702.0,7058221.0,1293012.0,10463636.0,5,Urbano,57.0,530446.0,5740995.0,1134570.0,-23.5673865,-46.57038318
6401,São Paulo,3550308,1044,8.52104,2020-03-27,0.0594,62,12252023.0,False,25,city,SP,São Paulo,SP,1,1,0.805,28.0,0.855,129464.0,514794.0,684443.0,783702.0,7058221.0,1293012.0,10463636.0,5,Urbano,57.0,530446.0,5740995.0,1134570.0,-23.5673865,-46.57038318
6402,São Paulo,3550308,899,7.33756,2020-03-26,0.059,53,12252023.0,False,24,city,SP,São Paulo,SP,1,1,0.805,28.0,0.855,129464.0,514794.0,684443.0,783702.0,7058221.0,1293012.0,10463636.0,5,Urbano,57.0,530446.0,5740995.0,1134570.0,-23.5673865,-46.57038318
6403,São Paulo,3550308,722,5.8929,2020-03-25,0.0609,44,12252023.0,False,23,city,SP,São Paulo,SP,1,1,0.805,28.0,0.855,129464.0,514794.0,684443.0,783702.0,7058221.0,1293012.0,10463636.0,5,Urbano,57.0,530446.0,5740995.0,1134570.0,-23.5673865,-46.57038318
6404,São Paulo,3550308,306,2.49755,2020-03-20,0.0294,9,12252023.0,False,22,city,SP,São Paulo,SP,1,1,0.805,28.0,0.855,129464.0,514794.0,684443.0,783702.0,7058221.0,1293012.0,10463636.0,5,Urbano,57.0,530446.0,5740995.0,1134570.0,-23.5673865,-46.57038318
6405,São Paulo,3550308,259,2.11394,2020-03-19,0.0193,5,12252023.0,False,21,city,SP,São Paulo,SP,1,1,0.805,28.0,0.855,129464.0,514794.0,684443.0,783702.0,7058221.0,1293012.0,10463636.0,5,Urbano,57.0,530446.0,5740995.0,1134570.0,-23.5673865,-46.57038318
6406,São Paulo,3550308,214,1.74665,2020-03-18,0.014,3,12252023.0,False,20,city,SP,São Paulo,SP,1,1,0.805,28.0,0.855,129464.0,514794.0,684443.0,783702.0,7058221.0,1293012.0,10463636.0,5,Urbano,57.0,530446.0,5740995.0,1134570.0,-23.5673865,-46.57038318
6407,São Paulo,3550308,156,1.27326,2020-03-17,0.0064,1,12252023.0,False,19,city,SP,São Paulo,SP,1,1,0.805,28.0,0.855,129464.0,514794.0,684443.0,783702.0,7058221.0,1293012.0,10463636.0,5,Urbano,57.0,530446.0,5740995.0,1134570.0,-23.5673865,-46.57038318
6408,São Paulo,3550308,145,1.18348,2020-03-16,,0,12252023.0,False,18,city,SP,São Paulo,SP,1,1,0.805,28.0,0.855,129464.0,514794.0,684443.0,783702.0,7058221.0,1293012.0,10463636.0,5,Urbano,57.0,530446.0,5740995.0,1134570.0,-23.5673865,-46.57038318
6409,São Paulo,3550308,62,0.50604,2020-03-14,,0,12252023.0,False,17,city,SP,São Paulo,SP,1,1,0.805,28.0,0.855,129464.0,514794.0,684443.0,783702.0,7058221.0,1293012.0,10463636.0,5,Urbano,57.0,530446.0,5740995.0,1134570.0,-23.5673865,-46.57038318
6410,São Paulo,3550308,44,0.35912,2020-03-12,,0,12252023.0,False,16,city,SP,São Paulo,SP,1,1,0.805,28.0,0.855,129464.0,514794.0,684443.0,783702.0,7058221.0,1293012.0,10463636.0,5,Urbano,57.0,530446.0,5740995.0,1134570.0,-23.5673865,-46.57038318
6411,São Paulo,3550308,29,0.2367,2020-03-11,,0,12252023.0,False,15,city,SP,São Paulo,SP,1,1,0.805,28.0,0.855,129464.0,514794.0,684443.0,783702.0,7058221.0,1293012.0,10463636.0,5,Urbano,57.0,530446.0,5740995.0,1134570.0,-23.5673865,-46.57038318
6412,São Paulo,3550308,18,0.14691,2020-03-10,,0,12252023.0,False,14,city,SP,São Paulo,SP,1,1,0.805,28.0,0.855,129464.0,514794.0,684443.0,783702.0,7058221.0,1293012.0,10463636.0,5,Urbano,57.0,530446.0,5740995.0,1134570.0,-23.5673865,-46.57038318
6413,São Paulo,3550308,15,0.12243,2020-03-09,,0,12252023.0,False,13,city,SP,São Paulo,SP,1,1,0.805,28.0,0.855,129464.0,514794.0,684443.0,783702.0,7058221.0,1293012.0,10463636.0,5,Urbano,57.0,530446.0,5740995.0,1134570.0,-23.5673865,-46.57038318
6414,São Paulo,3550308,15,0.12243,2020-03-08,,0,12252023.0,False,12,city,SP,São Paulo,SP,1,1,0.805,28.0,0.855,129464.0,514794.0,684443.0,783702.0,7058221.0,1293012.0,10463636.0,5,Urbano,57.0,530446.0,5740995.0,1134570.0,-23.5673865,-46.57038318
6415,São Paulo,3550308,12,0.09794,2020-03-07,,0,12252023.0,False,11,city,SP,São Paulo,SP,1,1,0.805,28.0,0.855,129464.0,514794.0,684443.0,783702.0,7058221.0,1293012.0,10463636.0,5,Urbano,57.0,530446.0,5740995.0,1134570.0,-23.5673865,-46.57038318
6416,São Paulo,3550308,6,0.04897,2020-03-05,,0,12252023.0,False,10,city,SP,São Paulo,SP,1,1,0.805,28.0,0.855,129464.0,514794.0,684443.0,783702.0,7058221.0,1293012.0,10463636.0,5,Urbano,57.0,530446.0,5740995.0,1134570.0,-23.5673865,-46.57038318
6417,São Paulo,3550308,3,0.02449,2020-03-04,,0,12252023.0,False,9,city,SP,São Paulo,SP,1,1,0.805,28.0,0.855,129464.0,514794.0,684443.0,783702.0,7058221.0,1293012.0,10463636.0,5,Urbano,57.0,530446.0,5740995.0,1134570.0,-23.5673865,-46.57038318
6418,São Paulo,3550308,2,0.01632,2020-03-03,,0,12252023.0,False,8,city,SP,São Paulo,SP,1,1,0.805,28.0,0.855,129464.0,514794.0,684443.0,783702.0,7058221.0,1293012.0,10463636.0,5,Urbano,57.0,530446.0,5740995.0,1134570.0,-23.5673865,-46.57038318
6419,São Paulo,3550308,2,0.01632,2020-03-02,,0,12252023.0,False,7,city,SP,São Paulo,SP,1,1,0.805,28.0,0.855,129464.0,514794.0,684443.0,783702.0,7058221.0,1293012.0,10463636.0,5,Urbano,57.0,530446.0,5740995.0,1134570.0,-23.5673865,-46.57038318
6420,São Paulo,3550308,2,0.01632,2020-03-01,,0,12252023.0,False,6,city,SP,São Paulo,SP,1,1,0.805,28.0,0.855,129464.0,514794.0,684443.0,783702.0,7058221.0,1293012.0,10463636.0,5,Urbano,57.0,530446.0,5740995.0,1134570.0,-23.5673865,-46.57038318
6421,São Paulo,3550308,2,0.01632,2020-02-29,,0,12252023.0,False,5,city,SP,São Paulo,SP,1,1,0.805,28.0,0.855,129464.0,514794.0,684443.0,783702.0,7058221.0,1293012.0,10463636.0,5,Urbano,57.0,530446.0,5740995.0,1134570.0,-23.5673865,-46.57038318
6422,São Paulo,3550308,2,0.01632,2020-02-28,,0,12252023.0,False,4,city,SP,São Paulo,SP,1,1,0.805,28.0,0.855,129464.0,514794.0,684443.0,783702.0,7058221.0,1293012.0,10463636.0,5,Urbano,57.0,530446.0,5740995.0,1134570.0,-23.5673865,-46.57038318
6423,São Paulo,3550308,1,0.00816,2020-02-27,,0,12252023.0,False,3,city,SP,São Paulo,SP,1,1,0.805,28.0,0.855,129464.0,514794.0,684443.0,783702.0,7058221.0,1293012.0,10463636.0,5,Urbano,57.0,530446.0,5740995.0,1134570.0,-23.5673865,-46.57038318
6424,São Paulo,3550308,1,0.00816,2020-02-26,,0,12252023.0,False,2,city,SP,São Paulo,SP,1,1,0.805,28.0,0.855,129464.0,514794.0,684443.0,783702.0,7058221.0,1293012.0,10463636.0,5,Urbano,57.0,530446.0,5740995.0,1134570.0,-23.5673865,-46.57038318
6425,São Paulo,3550308,1,0.00816,2020-02-25,,0,12252023.0,False,1,city,SP,São Paulo,SP,1,1,0.805,28.0,0.855,129464.0,514794.0,684443.0,783702.0,7058221.0,1293012.0,10463636.0,5,Urbano,57.0,530446.0,5740995.0,1134570.0,-23.5673865,-46.57038318
